ts,symbol,side,qty,price,fee,tag
2026-07-25T04:30:00+00:00,BTCUSD,LONG,0.15584456063522242,64179.3333,5.001,entry
2026-07-25T05:45:00+00:00,BTCUSD,SHORT,0.15584456063522242,63982.7009,4.9856779550076755,exit
2026-07-25T05:45:00+00:00,BTCUSD,SHORT,0.15562608671016465,63982.7009,4.978688679106964,entry
2026-07-25T11:00:00+00:00,BTCUSD,LONG,0.15562608671016465,64061.3097,4.984805469069455,exit
2026-07-25T11:00:00+00:00,BTCUSD,LONG,0.15515073979854618,64061.3097,4.969579796209391,entry
2026-07-26T06:00:00+00:00,BTCUSD,SHORT,0.15515073979854618,64317.134,4.989425460911114,exit
2026-07-26T06:00:00+00:00,BTCUSD,SHORT,0.15493400407482527,64317.134,4.982455550618542,entry
2026-07-26T09:00:00+00:00,BTCUSD,LONG,0.15493400407482527,64487.895,4.995683893353452,exit
2026-07-26T09:00:00+00:00,BTCUSD,LONG,0.15402046773508674,64487.895,4.966227875575581,entry
2026-07-26T13:15:00+00:00,BTCUSD,SHORT,0.15402046773508674,64432.6109,4.961970434105424,exit
2026-07-26T13:15:00+00:00,BTCUSD,SHORT,0.15380478972107786,64432.6109,4.955022085327265,entry
2026-07-26T13:30:00+00:00,BTCUSD,LONG,0.15380478972107786,64553.9082,4.964350138187382,exit
2026-07-26T13:30:00+00:00,BTCUSD,LONG,0.15313445868557932,64553.9082,4.9427138941227895,entry
2026-07-26T20:45:00+00:00,BTCUSD,SHORT,0.15313445868557932,64614.0746,4.9473206686703195,exit
2026-07-26T20:45:00+00:00,BTCUSD,SHORT,0.1529202131084259,64614.0746,4.940399028817865,entry
2026-07-26T21:15:00+00:00,BTCUSD,LONG,0.1529202131084259,64807.4589,4.955185213001776,exit
2026-07-26T21:15:00+00:00,BTCUSD,LONG,0.15191577464057285,64807.4589,4.9226376606402935,entry
2026-07-27T08:00:00+00:00,BTCUSD,SHORT,0.15191577464057285,65160.9652,4.949489252342706,exit
2026-07-27T08:00:00+00:00,BTCUSD,SHORT,0.15170371185504092,65160.9652,4.942580144448574,entry
2026-07-27T10:30:00+00:00,BTCUSD,LONG,0.15170371185504092,65400.5775,4.960755182106636,exit
2026-07-27T10:30:00+00:00,BTCUSD,LONG,0.15050100257385216,65400.5775,4.921426241329458,entry
2026-07-27T11:15:00+00:00,BTCUSD,SHORT,0.15050100257385216,65093.4787,4.898316902684845,exit
2026-07-27T11:15:00+00:00,BTCUSD,SHORT,0.1502898464111036,65093.4787,4.891444458093722,entry
2026-07-27T14:00:00+00:00,BTCUSD,LONG,0.1502898464111036,65351.0676,4.9108009562028245,exit
2026-07-27T14:00:00+00:00,BTCUSD,LONG,0.14901482512063446,65351.0676,4.8691389549303805,entry
2026-07-27T14:15:00+00:00,BTCUSD,SHORT,0.14901482512063446,64838.0298,4.830913835906743,exit
2026-07-27T14:15:00+00:00,BTCUSD,SHORT,0.14880542093250532,64838.0298,4.824125158411662,entry
2026-07-27T19:15:00+00:00,BTCUSD,LONG,0.14880542093250532,64991.4957,4.835543437335805,exit
2026-07-27T19:15:00+00:00,BTCUSD,LONG,0.1480133294312714,64991.4957,4.80980383163758,entry
2026-07-27T21:15:00+00:00,BTCUSD,SHORT,0.1480133294312714,64793.5387,4.795153694310467,exit
2026-07-27T21:15:00+00:00,BTCUSD,SHORT,0.1478058357459467,64793.5387,4.788431569245421,entry
2026-07-28T07:00:00+00:00,BTCUSD,LONG,0.1478058357459467,63573.7122,4.698282831596644,exit
2026-07-28T07:00:00+00:00,BTCUSD,LONG,0.15338949442529856,63573.7122,4.875769786548718,entry
2026-07-28T08:00:00+00:00,BTCUSD,SHORT,0.15338949442529856,63397.8179,4.862279617674072,exit
2026-07-28T08:00:00+00:00,BTCUSD,SHORT,0.15317449425588647,63397.8179,4.855464346879643,entry
2026-07-28T12:45:00+00:00,BTCUSD,LONG,0.15317449425588647,63539.7054,4.866331119906509,exit
2026-07-28T12:45:00+00:00,BTCUSD,LONG,0.15239844359866464,63539.7054,4.841676104838833,entry
2026-07-28T13:15:00+00:00,BTCUSD,SHORT,0.15239844359866464,63275.8423,4.821569941957274,exit
2026-07-28T13:15:00+00:00,BTCUSD,SHORT,0.15218468370529326,63275.8423,4.814807023305758,entry
2026-07-28T15:15:00+00:00,BTCUSD,LONG,0.15218468370529326,63741.7458,4.850258711698102,exit
2026-07-28T15:15:00+00:00,BTCUSD,LONG,0.14986853570843353,63741.7458,4.776441053272596,entry
2026-07-28T23:15:00+00:00,BTCUSD,SHORT,0.14986853570843353,63600.2774,4.765840222294089,exit
2026-07-28T23:15:00+00:00,BTCUSD,SHORT,0.1496585284286259,63600.2774,4.759161961668196,entry
2026-07-28T23:45:00+00:00,BTCUSD,LONG,0.1496585284286259,63922.2819,4.783257321476895,exit
2026-07-28T23:45:00+00:00,BTCUSD,LONG,0.1480608490135213,63922.2819,4.732193664497823,entry
2026-07-29T01:45:00+00:00,BTCUSD,SHORT,0.1480608490135213,63675.2624,4.713906706051374,exit
2026-07-29T01:45:00+00:00,BTCUSD,SHORT,0.1478532033156355,63675.2624,4.707295758901821,entry
2026-07-29T02:15:00+00:00,BTCUSD,LONG,0.1478532033156355,64020.3015,4.732803327003892,exit
2026-07-29T02:15:00+00:00,BTCUSD,LONG,0.14617067652190982,64020.3015,4.6789453906958185,entry
2026-07-29T03:30:00+00:00,BTCUSD,SHORT,0.14617067652190982,63743.2488,4.658696900400209,exit
2026-07-29T03:30:00+00:00,BTCUSD,SHORT,0.1459656338947523,63743.2488,4.652161858801455,entry
2026-07-29T05:00:00+00:00,BTCUSD,LONG,0.1459656338947523,63994.7964,4.670520511245806,exit
2026-07-29T05:00:00+00:00,BTCUSD,LONG,0.14473047055945543,63994.7964,4.6309984981642724,entry
2026-07-29T12:45:00+00:00,BTCUSD,SHORT,0.14473047055945543,64241.1492,4.648825876498092,exit
2026-07-29T12:45:00+00:00,BTCUSD,SHORT,0.14452827683300734,64241.1492,4.642331297824064,entry
2026-07-29T13:45:00+00:00,BTCUSD,LONG,0.14452827683300734,64654.4283,4.672196555911112,exit
2026-07-29T13:45:00+00:00,BTCUSD,LONG,0.14259376492810688,64654.4283,4.60965917528567,entry
2026-07-29T14:00:00+00:00,BTCUSD,SHORT,0.14259376492810688,64230.1514,4.579409555014157,exit
2026-07-29T14:00:00+00:00,BTCUSD,SHORT,0.14239351441132725,64230.1514,4.572978494508816,entry
2026-07-29T18:30:00+00:00,BTCUSD,LONG,0.14239351441132725,64400.3775,4.585098040820583,exit
2026-07-29T18:30:00+00:00,BTCUSD,LONG,0.14155526114801836,64400.3775,4.558106127521733,entry
2026-07-29T19:30:00+00:00,BTCUSD,SHORT,0.14155526114801836,63847.7279,4.5189908982960585,exit
2026-07-29T19:30:00+00:00,BTCUSD,SHORT,0.14135626594985734,63847.7279,4.512638202663263,entry
2026-07-29T23:15:00+00:00,BTCUSD,LONG,0.14135626594985734,64000.2975,4.5234215371399955,exit
2026-07-29T23:15:00+00:00,BTCUSD,LONG,0.14059744626681145,64000.2975,4.499139194408099,entry
2026-07-30T00:45:00+00:00,BTCUSD,SHORT,0.14059744626681145,63657.266,4.475024517963562,exit
2026-07-30T00:45:00+00:00,BTCUSD,SHORT,0.1404001189947566,63657.266,4.468743860640437,entry
2026-07-30T01:45:00+00:00,BTCUSD,LONG,0.1404001189947566,64264.8504,4.511396321670116,exit
2026-07-30T01:45:00+00:00,BTCUSD,LONG,0.13766093684483727,64264.8504,4.423379756128657,entry
2026-07-30T06:00:00+00:00,BTCUSD,SHORT,0.13766093684483727,63963.7047,4.402651756534261,exit
2026-07-30T06:00:00+00:00,BTCUSD,SHORT,0.13746779651048474,63963.7047,4.396474770878169,entry
2026-07-30T08:15:00+00:00,BTCUSD,LONG,0.13746779651048474,64258.8492,4.416761202911763,exit
2026-07-30T08:15:00+00:00,BTCUSD,LONG,0.13612244160589063,64258.8492,4.373535723944365,entry
2026-07-30T21:15:00+00:00,BTCUSD,SHORT,0.13612244160589063,64719.0536,4.404857797227253,exit
2026-07-30T21:15:00+00:00,BTCUSD,SHORT,0.13593258568338148,64719.0536,4.398714149414679,entry
2026-07-30T22:00:00+00:00,BTCUSD,LONG,0.13593258568338148,64927.983,4.412914306198319,exit
2026-07-30T22:00:00+00:00,BTCUSD,LONG,0.13497614102185568,64927.983,4.3818642948363244,entry
2026-07-31T00:30:00+00:00,BTCUSD,SHORT,0.13497614102185568,64761.0452,4.370597984818985,exit
2026-07-31T00:30:00+00:00,BTCUSD,SHORT,0.13478696872386184,64761.0452,4.364472486948502,entry
2026-07-31T01:00:00+00:00,BTCUSD,LONG,0.13478696872386184,65186.0346,4.393114003431387,exit
2026-07-31T01:00:00+00:00,BTCUSD,LONG,0.1329484678112604,65186.0346,4.333191711380903,entry
2026-07-31T01:45:00+00:00,BTCUSD,SHORT,0.1329484678112604,64529.0916,4.289521928736237,exit
2026-07-31T01:45:00+00:00,BTCUSD,SHORT,0.13276142997945253,64529.0916,4.283487238045539,entry
2026-07-31T09:00:00+00:00,BTCUSD,LONG,0.13276142997945253,63774.7524,4.233413662604761,force_close
