ts,equity,cash,position_value
2026-07-27T04:50:00+00:00,10000.000000,10000.000000,0.000000
2026-07-27T04:55:00+00:00,10000.000000,10000.000000,0.000000
2026-07-27T05:00:00+00:00,10000.000000,10000.000000,0.000000
2026-07-27T05:05:00+00:00,10000.000000,10000.000000,0.000000
2026-07-27T05:10:00+00:00,10000.000000,10000.000000,0.000000
2026-07-27T05:15:00+00:00,10000.000000,10000.000000,0.000000
2026-07-27T05:20:00+00:00,10000.000000,10000.000000,0.000000
2026-07-27T05:25:00+00:00,10000.000000,10000.000000,0.000000
2026-07-27T05:30:00+00:00,10000.000000,10000.000000,0.000000
2026-07-27T05:35:00+00:00,10000.000000,10000.000000,0.000000
2026-07-27T05:40:00+00:00,10000.000000,10000.000000,0.000000
2026-07-27T05:45:00+00:00,10000.000000,10000.000000,0.000000
2026-07-27T05:50:00+00:00,10000.000000,10000.000000,0.000000
2026-07-27T05:55:00+00:00,10000.000000,10000.000000,0.000000
2026-07-27T06:00:00+00:00,9992.999000,-7.001000,10000.000000
2026-07-27T06:05:00+00:00,9995.975349,-7.001000,10002.976349
2026-07-27T06:10:00+00:00,10002.385948,-7.001000,10009.386948
2026-07-27T06:15:00+00:00,9998.875382,-7.001000,10005.876382
2026-07-27T06:20:00+00:00,9993.380583,-7.001000,10000.381583
2026-07-27T06:25:00+00:00,9986.054185,-7.001000,9993.055185
2026-07-27T06:30:00+00:00,9994.754283,-7.001000,10001.755283
2026-07-27T06:35:00+00:00,9989.106851,-7.001000,9996.107851
2026-07-27T06:40:00+00:00,9991.777934,-7.001000,9998.778934
2026-07-27T06:45:00+00:00,9980.177802,-7.001000,9987.178802
2026-07-27T06:50:00+00:00,9975.904070,-7.001000,9982.905070
2026-07-27T06:55:00+00:00,9974.377737,-7.001000,9981.378737
2026-07-27T07:00:00+00:00,9976.285653,-7.001000,9983.286653
2026-07-27T07:05:00+00:00,9975.369853,-7.001000,9982.370853
2026-07-27T07:10:00+00:00,9975.980386,-7.001000,9982.981386
2026-07-27T07:15:00+00:00,9976.667236,-7.001000,9983.668236
2026-07-27T07:20:00+00:00,9978.117253,-7.001000,9985.118253
2026-07-27T07:25:00+00:00,9973.232987,-7.001000,9980.233987
2026-07-27T07:30:00+00:00,9947.536125,-2.985356,9954.503282
2026-07-27T07:35:00+00:00,9960.491764,-2.985356,9941.547643
2026-07-27T07:40:00+00:00,9953.785316,-2.985356,9948.254092
2026-07-27T07:45:00+00:00,9951.194188,-2.985356,9950.845220
2026-07-27T07:50:00+00:00,9950.660721,-2.985356,9951.378687
2026-07-27T07:55:00+00:00,9963.997408,-2.985356,9938.042000
2026-07-27T08:00:00+00:00,9963.387731,-2.985356,9938.651677
2026-07-27T08:05:00+00:00,9968.112728,-2.985356,9933.926679
2026-07-27T08:10:00+00:00,9968.265148,-2.985356,9933.774260
2026-07-27T08:15:00+00:00,9960.872813,-2.985356,9941.166595
2026-07-27T08:20:00+00:00,9964.683295,-2.985356,9937.356113
2026-07-27T08:25:00+00:00,9961.787328,-2.985356,9940.252079
2026-07-27T08:30:00+00:00,9970.627647,-2.985356,9931.411761
2026-07-27T08:35:00+00:00,9972.913936,-2.985356,9929.125472
2026-07-27T08:40:00+00:00,9973.523613,-2.985356,9928.515795
2026-07-27T08:45:00+00:00,9967.198213,-2.985356,9934.841195
2026-07-27T08:50:00+00:00,9970.932485,-2.985356,9931.106923
2026-07-27T08:55:00+00:00,9973.294984,-2.985356,9928.744424
2026-07-27T09:00:00+00:00,9977.257885,-2.985356,9924.781522
2026-07-27T09:05:00+00:00,9980.611110,-2.985356,9921.428298
2026-07-27T09:10:00+00:00,9979.772803,-2.985356,9922.266604
2026-07-27T09:15:00+00:00,9977.181676,-2.985356,9924.857732
2026-07-27T09:20:00+00:00,9964.911924,-2.985356,9937.127484
2026-07-27T09:25:00+00:00,9963.463940,-2.985356,9938.575467
2026-07-27T09:30:00+00:00,9956.681282,-2.985356,9945.358125
2026-07-27T09:35:00+00:00,9934.064844,-6.959711,9941.024556
2026-07-27T09:40:00+00:00,9930.259347,-6.959711,9937.219058
2026-07-27T09:45:00+00:00,9930.868227,-6.959711,9937.827938
2026-07-27T09:50:00+00:00,9925.007761,-6.959711,9931.967472
2026-07-27T09:55:00+00:00,9924.094441,-6.959711,9931.054153
2026-07-27T10:00:00+00:00,9922.267803,-6.959711,9929.227514
2026-07-27T10:05:00+00:00,9924.703321,-6.959711,9931.663032
2026-07-27T10:10:00+00:00,9923.028902,-6.959711,9929.988613
2026-07-27T10:15:00+00:00,9926.529960,-6.959711,9933.489671
2026-07-27T10:20:00+00:00,9942.893598,-6.959711,9949.853309
2026-07-27T10:25:00+00:00,9937.565902,-6.959711,9944.525613
2026-07-27T10:30:00+00:00,9936.272033,-6.959711,9943.231744
2026-07-27T10:35:00+00:00,9945.100787,-6.959711,9952.060498
2026-07-27T10:40:00+00:00,9946.318546,-6.959711,9953.278257
2026-07-27T10:45:00+00:00,9939.011991,-6.959711,9945.971702
2026-07-27T10:50:00+00:00,9938.707551,-6.959711,9945.667262
2026-07-27T10:55:00+00:00,9936.195923,-6.959711,9943.155634
2026-07-27T11:00:00+00:00,9928.584928,-6.959711,9935.544640
2026-07-27T11:05:00+00:00,9932.238206,-6.959711,9939.197917
2026-07-27T11:10:00+00:00,9909.366650,-2.973900,9916.307073
2026-07-27T11:15:00+00:00,9909.974676,-2.973900,9915.699046
2026-07-27T11:20:00+00:00,9920.615143,-2.973900,9905.058580
2026-07-27T11:25:00+00:00,9929.051513,-2.973900,9896.622209
2026-07-27T11:30:00+00:00,9918.031030,-2.973900,9907.642693
2026-07-27T11:35:00+00:00,9918.791063,-2.973900,9906.882660
2026-07-27T11:40:00+00:00,9924.339307,-2.973900,9901.334416
2026-07-27T11:45:00+00:00,9925.707367,-2.973900,9899.966356
2026-07-27T11:50:00+00:00,9930.343570,-2.973900,9895.330153
2026-07-27T11:55:00+00:00,9933.155694,-2.973900,9892.518029
2026-07-27T12:00:00+00:00,9917.347000,-2.973900,9908.326723
2026-07-27T12:05:00+00:00,9913.850847,-2.973900,9911.822876
2026-07-27T12:10:00+00:00,9934.903770,-2.973900,9890.769953
2026-07-27T12:15:00+00:00,9937.791897,-2.973900,9887.881826
2026-07-27T12:20:00+00:00,9939.767984,-2.973900,9885.905739
2026-07-27T12:25:00+00:00,9946.684287,-2.973900,9878.989436
2026-07-27T12:30:00+00:00,9966.977177,-2.973900,9858.696545
2026-07-27T12:35:00+00:00,9951.624504,-2.973900,9874.049219
2026-07-27T12:40:00+00:00,9940.756027,-2.973900,9884.917696
2026-07-27T12:45:00+00:00,9935.739807,-2.973900,9889.933916
2026-07-27T12:50:00+00:00,9935.815810,-2.973900,9889.857913
2026-07-27T12:55:00+00:00,9934.447750,-2.973900,9891.225973
2026-07-27T13:00:00+00:00,9935.663804,-2.973900,9890.009919
2026-07-27T13:05:00+00:00,9940.148000,-2.973900,9885.525723
2026-07-27T13:10:00+00:00,9952.840557,-2.973900,9872.833166
2026-07-27T13:15:00+00:00,9944.252180,-2.973900,9881.421543
2026-07-27T13:20:00+00:00,9954.968651,-2.973900,9870.705072
2026-07-27T13:25:00+00:00,9956.032697,-2.973900,9869.641026
2026-07-27T13:30:00+00:00,9934.979774,-2.973900,9890.693949
2026-07-27T13:35:00+00:00,9868.738395,-6.913944,9875.652340
2026-07-27T13:40:00+00:00,9903.764864,-6.913944,9910.678808
2026-07-27T13:45:00+00:00,9895.838615,-6.913944,9902.752560
2026-07-27T13:50:00+00:00,9868.285467,-6.913944,9875.199411
2026-07-27T13:55:00+00:00,9836.203034,-6.913944,9843.116978
2026-07-27T14:00:00+00:00,9852.206506,-6.913944,9859.120450
2026-07-27T14:05:00+00:00,9862.095444,-6.913944,9869.009389
2026-07-27T14:10:00+00:00,9857.566160,-6.913944,9864.480104
2026-07-27T14:15:00+00:00,9832.353142,-6.913944,9839.267086
2026-07-27T14:20:00+00:00,9797.181180,-2.940233,9804.043029
2026-07-27T14:25:00+00:00,9824.017201,-2.940233,9777.207008
2026-07-27T14:30:00+00:00,9856.733026,-2.940233,9744.491183
2026-07-27T14:35:00+00:00,9855.451530,-2.940233,9745.772679
2026-07-27T14:40:00+00:00,9884.172104,-2.940233,9717.052105
2026-07-27T14:45:00+00:00,9863.894324,-2.940233,9737.329885
2026-07-27T14:50:00+00:00,9867.889574,-2.940233,9733.334635
2026-07-27T14:55:00+00:00,9851.305516,-2.940233,9749.918693
2026-07-27T15:00:00+00:00,9846.933355,-2.940233,9754.290854
2026-07-27T15:05:00+00:00,9864.421998,-2.940233,9736.802211
2026-07-27T15:10:00+00:00,9845.953388,-2.940233,9755.270821
2026-07-27T15:15:00+00:00,9849.119435,-2.940233,9752.104774
2026-07-27T15:20:00+00:00,9861.029804,-2.940233,9740.194404
2026-07-27T15:25:00+00:00,9856.808408,-2.940233,9744.415801
2026-07-27T15:30:00+00:00,9868.492631,-2.940233,9732.731578
2026-07-27T15:35:00+00:00,9871.884824,-2.940233,9729.339384
2026-07-27T15:40:00+00:00,9868.944923,-2.940233,9732.279286
2026-07-27T15:45:00+00:00,9869.020305,-2.940233,9732.203904
2026-07-27T15:50:00+00:00,9869.171069,-2.940233,9732.053139
2026-07-27T15:55:00+00:00,9873.467848,-2.940233,9727.756361
2026-07-27T16:00:00+00:00,9858.768342,-2.940233,9742.455867
2026-07-27T16:05:00+00:00,9859.748309,-2.940233,9741.475900
2026-07-27T16:10:00+00:00,9862.914356,-2.940233,9738.309852
2026-07-27T16:15:00+00:00,9866.834225,-2.940233,9734.389984
2026-07-27T16:20:00+00:00,9864.271234,-2.940233,9736.952975
2026-07-27T16:25:00+00:00,9845.501095,-2.940233,9755.723114
2026-07-27T16:30:00+00:00,9808.565389,-6.871788,9815.437177
2026-07-27T16:35:00+00:00,9815.299434,-6.871788,9822.171221
2026-07-27T16:40:00+00:00,9814.391473,-6.871788,9821.263260
2026-07-27T16:45:00+00:00,9813.710502,-6.871788,9820.582290
2026-07-27T16:50:00+00:00,9801.377364,-6.871788,9808.249152
2026-07-27T16:55:00+00:00,9810.910955,-6.871788,9817.782743
2026-07-27T17:00:00+00:00,9800.469403,-6.871788,9807.341191
2026-07-27T17:05:00+00:00,9803.420277,-6.871788,9810.292064
2026-07-27T17:10:00+00:00,9810.986619,-6.871788,9817.858406
2026-07-27T17:15:00+00:00,9817.115356,-6.871788,9823.987143
2026-07-27T17:20:00+00:00,9831.113089,-6.871788,9837.984876
2026-07-27T17:25:00+00:00,9826.573283,-6.871788,9833.445071
2026-07-27T17:30:00+00:00,9837.998460,-6.871788,9844.870247
2026-07-27T17:35:00+00:00,9831.491406,-6.871788,9838.363193
2026-07-27T17:40:00+00:00,9826.119303,-6.871788,9832.991090
2026-07-27T17:45:00+00:00,9822.487459,-6.871788,9829.359246
2026-07-27T17:50:00+00:00,9823.546747,-6.871788,9830.418534
2026-07-27T17:55:00+00:00,9829.372830,-6.871788,9836.244618
2026-07-27T18:00:00+00:00,9828.237879,-6.871788,9835.109666
2026-07-27T18:05:00+00:00,9823.092766,-6.871788,9829.964554
2026-07-27T18:10:00+00:00,9820.217556,-6.871788,9827.089344
2026-07-27T18:15:00+00:00,9804.706555,-6.871788,9811.578343
2026-07-27T18:20:00+00:00,9809.397687,-6.871788,9816.269475
2026-07-27T18:25:00+00:00,9814.542800,-6.871788,9821.414587
2026-07-27T18:30:00+00:00,9784.559532,-2.936445,9791.412542
2026-07-27T18:35:00+00:00,9788.110732,-2.936445,9787.861342
2026-07-27T18:40:00+00:00,9780.403873,-2.936445,9795.568201
2026-07-27T18:45:00+00:00,9790.150783,-2.936445,9785.821292
2026-07-27T18:50:00+00:00,9779.497184,-2.936445,9796.474890
2026-07-27T18:55:00+00:00,9774.434836,-2.936445,9801.537238
2026-07-27T19:00:00+00:00,9780.932775,-2.936445,9795.039299
2026-07-27T19:05:00+00:00,9766.123518,-2.936445,9809.848556
2026-07-27T19:10:00+00:00,9760.078923,-2.936445,9815.893151
2026-07-27T19:15:00+00:00,9759.474464,-2.936445,9816.497611
2026-07-27T19:20:00+00:00,9761.967859,-2.936445,9814.004215
2026-07-27T19:25:00+00:00,9756.754396,-2.936445,9819.217678
2026-07-27T19:30:00+00:00,9737.689495,-6.822133,9744.511628
2026-07-27T19:35:00+00:00,9733.642647,-6.822133,9740.464779
2026-07-27T19:40:00+00:00,9729.445915,-6.822133,9736.268047
2026-07-27T19:45:00+00:00,9726.673074,-6.822133,9733.495207
2026-07-27T19:50:00+00:00,9726.523191,-6.822133,9733.345324
2026-07-27T19:55:00+00:00,9729.445915,-6.822133,9736.268047
2026-07-27T20:00:00+00:00,9733.942413,-6.822133,9740.764546
2026-07-27T20:05:00+00:00,9725.324125,-6.822133,9732.146257
2026-07-27T20:10:00+00:00,9726.223424,-6.822133,9733.045557
2026-07-27T20:15:00+00:00,9720.602801,-6.822133,9727.424934
2026-07-27T20:20:00+00:00,9728.096965,-6.822133,9734.919098
2026-07-27T20:25:00+00:00,9734.991596,-6.822133,9741.813729
2026-07-27T20:30:00+00:00,9731.844047,-6.822133,9738.666180
2026-07-27T20:35:00+00:00,9727.347549,-6.822133,9734.169682
2026-07-27T20:40:00+00:00,9724.874475,-6.822133,9731.696607
2026-07-27T20:45:00+00:00,9722.251517,-6.822133,9729.073650
2026-07-27T20:50:00+00:00,9723.450584,-6.822133,9730.272716
2026-07-27T20:55:00+00:00,9727.497432,-6.822133,9734.319565
2026-07-27T21:00:00+00:00,9718.879144,-6.822133,9725.701276
2026-07-27T21:05:00+00:00,9721.951751,-6.822133,9728.773883
2026-07-27T21:10:00+00:00,9717.829961,-6.822133,9724.652093
2026-07-27T21:15:00+00:00,9714.082879,-6.822133,9720.905011
2026-07-27T21:20:00+00:00,9713.558287,-6.822133,9720.380420
2026-07-27T21:25:00+00:00,9693.001415,-2.908967,9699.790298
2026-07-27T21:30:00+00:00,9686.490635,-2.908967,9706.301079
2026-07-27T21:35:00+00:00,9694.872329,-2.908967,9697.919384
2026-07-27T21:40:00+00:00,9693.300761,-2.908967,9699.490952
2026-07-27T21:45:00+00:00,9692.327886,-2.908967,9700.463827
2026-07-27T21:50:00+00:00,9689.783443,-2.908967,9703.008270
2026-07-27T21:55:00+00:00,9694.572983,-2.908967,9698.218731
2026-07-27T22:00:00+00:00,9709.764803,-2.908967,9683.026910
2026-07-27T22:05:00+00:00,9706.471995,-2.908967,9686.319719
2026-07-27T22:10:00+00:00,9707.968726,-2.908967,9684.822987
2026-07-27T22:15:00+00:00,9706.322322,-2.908967,9686.469392
2026-07-27T22:20:00+00:00,9716.574930,-2.908967,9676.216784
2026-07-27T22:25:00+00:00,9726.827538,-2.908967,9665.964176
2026-07-27T22:30:00+00:00,9736.855636,-2.908967,9655.936078
2026-07-27T22:35:00+00:00,9737.604001,-2.908967,9655.187712
2026-07-27T22:40:00+00:00,9785.274886,-2.908967,9607.516827
2026-07-27T22:45:00+00:00,9799.868014,-2.908967,9592.923699
2026-07-27T22:50:00+00:00,9817.828787,-2.908967,9574.962926
2026-07-27T22:55:00+00:00,9849.484650,-2.908967,9543.307063
2026-07-27T23:00:00+00:00,9863.778432,-2.908967,9529.013282
2026-07-27T23:05:00+00:00,9869.091827,-2.908967,9523.699886
2026-07-27T23:10:00+00:00,9847.763409,-2.908967,9545.028304
2026-07-27T23:15:00+00:00,9831.823223,-2.908967,9560.968490
2026-07-27T23:20:00+00:00,9841.102956,-2.908967,9551.688758
2026-07-27T23:25:00+00:00,9835.939234,-2.908967,9556.852480
2026-07-27T23:30:00+00:00,9843.647399,-2.908967,9549.144315
2026-07-27T23:35:00+00:00,9853.151641,-2.908967,9539.640072
2026-07-27T23:40:00+00:00,9864.377124,-2.908967,9528.414589
2026-07-27T23:45:00+00:00,9863.254576,-2.908967,9529.537138
2026-07-27T23:50:00+00:00,9854.274189,-2.908967,9538.517524
2026-07-27T23:55:00+00:00,9854.498699,-2.908967,9538.293014
2026-07-28T00:00:00+00:00,9853.450987,-2.908967,9539.340726
2026-07-28T00:05:00+00:00,9867.819606,-2.908967,9524.972108
2026-07-28T00:10:00+00:00,9864.451961,-2.908967,9528.339753
2026-07-28T00:15:00+00:00,9850.831708,-2.908967,9541.960006
2026-07-28T00:20:00+00:00,9869.091827,-2.908967,9523.699886
2026-07-28T00:25:00+00:00,9861.533335,-2.908967,9531.258378
2026-07-28T00:30:00+00:00,9861.832681,-2.908967,9530.959032
2026-07-28T00:35:00+00:00,9861.383662,-2.908967,9531.408051
2026-07-28T00:40:00+00:00,9875.976790,-2.908967,9516.814923
2026-07-28T00:45:00+00:00,9886.902927,-2.908967,9505.888786
2026-07-28T00:50:00+00:00,9890.420245,-2.908967,9502.371468
2026-07-28T00:55:00+00:00,9894.985275,-2.908967,9497.806439
2026-07-28T01:00:00+00:00,9899.176122,-2.908967,9493.615592
2026-07-28T01:05:00+00:00,9935.471851,-2.908967,9457.319863
2026-07-28T01:10:00+00:00,9936.519562,-2.908967,9456.272151
2026-07-28T01:15:00+00:00,9937.043418,-2.908967,9455.748295
2026-07-28T01:20:00+00:00,9936.369889,-2.908967,9456.421824
2026-07-28T01:25:00+00:00,9920.429703,-2.908967,9472.362010
2026-07-28T01:30:00+00:00,9908.530691,-2.908967,9484.261022
2026-07-28T01:35:00+00:00,9925.518589,-2.908967,9467.273124
2026-07-28T01:40:00+00:00,9937.716947,-2.908967,9455.074766
2026-07-28T01:45:00+00:00,9922.974146,-2.908967,9469.817567
2026-07-28T01:50:00+00:00,9935.771197,-2.908967,9457.020517
2026-07-28T01:55:00+00:00,9933.301591,-2.908967,9459.490123
2026-07-28T02:00:00+00:00,9939.438188,-2.908967,9453.353525
2026-07-28T02:05:00+00:00,9929.933946,-2.908967,9462.857768
2026-07-28T02:10:00+00:00,9927.314666,-2.908967,9465.477047
2026-07-28T02:15:00+00:00,9927.838522,-2.908967,9464.953191
2026-07-28T02:20:00+00:00,9924.321204,-2.908967,9468.470509
2026-07-28T02:25:00+00:00,9932.553225,-2.908967,9460.238488
2026-07-28T02:30:00+00:00,9934.573812,-2.908967,9458.217901
2026-07-28T02:35:00+00:00,9938.989169,-2.908967,9453.802545
2026-07-28T02:40:00+00:00,9947.595372,-2.908967,9445.196341
2026-07-28T02:45:00+00:00,9948.343738,-2.908967,9444.447975
2026-07-28T02:50:00+00:00,9939.962044,-2.908967,9452.829669
2026-07-28T02:55:00+00:00,9940.186554,-2.908967,9452.605160
2026-07-28T03:00:00+00:00,9938.390476,-2.908967,9454.401237
2026-07-28T03:05:00+00:00,9939.363351,-2.908967,9453.428362
2026-07-28T03:10:00+00:00,9926.715974,-2.908967,9466.075740
2026-07-28T03:15:00+00:00,9905.585232,-6.939759,9912.524991
2026-07-28T03:20:00+00:00,9904.254071,-6.939759,9911.193830
2026-07-28T03:25:00+00:00,9901.121929,-6.939759,9908.061688
2026-07-28T03:30:00+00:00,9904.567286,-6.939759,9911.507044
2026-07-28T03:35:00+00:00,9908.247553,-6.939759,9915.187311
2026-07-28T03:40:00+00:00,9910.440052,-6.939759,9917.379811
2026-07-28T03:45:00+00:00,9905.820142,-6.939759,9912.759901
2026-07-28T03:50:00+00:00,9907.386213,-6.939759,9914.325972
2026-07-28T03:55:00+00:00,9908.795677,-6.939759,9915.735436
2026-07-28T04:00:00+00:00,9908.404160,-6.939759,9915.343918
2026-07-28T04:05:00+00:00,9907.699428,-6.939759,9914.639186
2026-07-28T04:10:00+00:00,9909.030588,-6.939759,9915.970347
2026-07-28T04:15:00+00:00,9912.475944,-6.939759,9919.415703
2026-07-28T04:20:00+00:00,9908.169249,-6.939759,9915.109008
2026-07-28T04:25:00+00:00,9900.965322,-6.939759,9907.905081
2026-07-28T04:30:00+00:00,9893.683092,-6.939759,9900.622851
2026-07-28T04:35:00+00:00,9893.839699,-6.939759,9900.779458
2026-07-28T04:40:00+00:00,9900.887019,-6.939759,9907.826777
2026-07-28T04:45:00+00:00,9900.808715,-6.939759,9907.748474
2026-07-28T04:50:00+00:00,9909.970231,-6.939759,9916.909989
2026-07-28T04:55:00+00:00,9910.831570,-6.939759,9917.771329
2026-07-28T05:00:00+00:00,9927.510226,-6.939759,9934.449985
2026-07-28T05:05:00+00:00,9930.015940,-6.939759,9936.955699
2026-07-28T05:10:00+00:00,9925.709245,-6.939759,9932.649003
2026-07-28T05:15:00+00:00,9947.164418,-6.939759,9954.104177
2026-07-28T05:20:00+00:00,9934.479243,-6.939759,9941.419001
2026-07-28T05:25:00+00:00,9940.900134,-6.939759,9947.839893
2026-07-28T05:30:00+00:00,9931.033886,-6.939759,9937.973645
2026-07-28T05:35:00+00:00,9937.376474,-6.939759,9944.316233
2026-07-28T05:40:00+00:00,9942.152991,-6.939759,9949.092749
2026-07-28T05:45:00+00:00,9937.219867,-6.939759,9944.159626
2026-07-28T05:50:00+00:00,9934.714153,-6.939759,9941.653912
2026-07-28T05:55:00+00:00,9925.552638,-6.939759,9932.492396
2026-07-28T06:00:00+00:00,9920.932728,-6.939759,9927.872487
2026-07-28T06:05:00+00:00,9922.968620,-6.939759,9929.908379
2026-07-28T06:10:00+00:00,9921.324246,-6.939759,9928.264005
2026-07-28T06:15:00+00:00,9925.082816,-6.939759,9932.022575
2026-07-28T06:20:00+00:00,9931.503708,-6.939759,9938.443466
2026-07-28T06:25:00+00:00,9937.376474,-6.939759,9944.316233
2026-07-28T06:30:00+00:00,9938.942545,-6.939759,9945.882304
2026-07-28T06:35:00+00:00,9944.737008,-6.939759,9951.676767
2026-07-28T06:40:00+00:00,9945.363436,-6.939759,9952.303195
2026-07-28T06:45:00+00:00,9941.056741,-6.939759,9947.996500
2026-07-28T06:50:00+00:00,9955.621202,-6.939759,9962.560960
2026-07-28T06:55:00+00:00,9955.621202,-6.939759,9962.560960
2026-07-28T07:00:00+00:00,9951.079596,-6.939759,9958.019354
2026-07-28T07:05:00+00:00,9946.459686,-6.939759,9953.399445
2026-07-28T07:10:00+00:00,9947.164418,-6.939759,9954.104177
2026-07-28T07:15:00+00:00,9944.110580,-6.939759,9951.050338
2026-07-28T07:20:00+00:00,9944.188883,-6.939759,9951.128642
2026-07-28T07:25:00+00:00,9945.206829,-6.939759,9952.146588
2026-07-28T07:30:00+00:00,9945.128526,-6.939759,9952.068284
2026-07-28T07:35:00+00:00,9940.195402,-6.939759,9947.135161
2026-07-28T07:40:00+00:00,9917.523406,-2.976348,9924.469542
2026-07-28T07:45:00+00:00,9918.148959,-2.976348,9923.843990
2026-07-28T07:50:00+00:00,9915.099390,-2.976348,9926.893558
2026-07-28T07:55:00+00:00,9914.082867,-2.976348,9927.910081
2026-07-28T08:00:00+00:00,9911.346075,-2.976348,9930.646874
2026-07-28T08:05:00+00:00,9916.976048,-2.976348,9925.016901
2026-07-28T08:10:00+00:00,9925.342813,-2.976348,9916.650135
2026-07-28T08:15:00+00:00,9915.959525,-2.976348,9926.033424
2026-07-28T08:20:00+00:00,9915.803136,-2.976348,9926.189812
2026-07-28T08:25:00+00:00,9918.383541,-2.976348,9923.609407
2026-07-28T08:30:00+00:00,9924.091708,-2.976348,9917.901240
2026-07-28T08:35:00+00:00,9920.182004,-2.976348,9921.810944
2026-07-28T08:40:00+00:00,9914.708420,-2.976348,9927.284529
2026-07-28T08:45:00+00:00,9917.601600,-2.976348,9924.391348
2026-07-28T08:50:00+00:00,9926.984888,-2.976348,9915.008060
2026-07-28T08:55:00+00:00,9925.811977,-2.976348,9916.180971
2026-07-28T09:00:00+00:00,9927.923217,-2.976348,9914.069731
2026-07-28T09:05:00+00:00,9921.511304,-2.976348,9920.481645
2026-07-28T09:10:00+00:00,9926.124754,-2.976348,9915.868195
2026-07-28T09:15:00+00:00,9922.371438,-2.976348,9919.621510
2026-07-28T09:20:00+00:00,9918.070765,-2.976348,9923.922184
2026-07-28T09:25:00+00:00,9915.490360,-2.976348,9926.502588
2026-07-28T09:30:00+00:00,9910.251358,-2.976348,9931.741591
2026-07-28T09:35:00+00:00,9890.187518,-6.928971,9897.116489
2026-07-28T09:40:00+00:00,9881.932977,-6.928971,9888.861948
2026-07-28T09:45:00+00:00,9882.555961,-6.928971,9889.484932
2026-07-28T09:50:00+00:00,9865.423895,-6.928971,9872.352867
2026-07-28T09:55:00+00:00,9863.243451,-6.928971,9870.172422
2026-07-28T10:00:00+00:00,9846.481834,-2.955028,9853.378213
2026-07-28T10:05:00+00:00,9852.469649,-2.955028,9847.390398
2026-07-28T10:10:00+00:00,9850.992136,-2.955028,9848.867911
2026-07-28T10:15:00+00:00,9840.105199,-2.955028,9859.754848
2026-07-28T10:20:00+00:00,9846.792889,-2.955028,9853.067158
2026-07-28T10:25:00+00:00,9845.393140,-2.955028,9854.466907
2026-07-28T10:30:00+00:00,9838.005575,-2.955028,9861.854472
2026-07-28T10:35:00+00:00,9829.840372,-2.955028,9870.019675
2026-07-28T10:40:00+00:00,9822.686099,-2.955028,9877.173948
2026-07-28T10:45:00+00:00,9822.919391,-2.955028,9876.940656
2026-07-28T10:50:00+00:00,9825.330070,-2.955028,9874.529977
2026-07-28T10:55:00+00:00,9832.328815,-2.955028,9867.531232
2026-07-28T11:00:00+00:00,9838.316631,-2.955028,9861.543416
2026-07-28T11:05:00+00:00,9841.582712,-2.955028,9858.277335
2026-07-28T11:10:00+00:00,9848.503694,-2.955028,9851.356353
2026-07-28T11:15:00+00:00,9801.278216,-6.866682,9808.144898
2026-07-28T11:20:00+00:00,9783.068259,-6.866682,9789.934942
2026-07-28T11:25:00+00:00,9782.373812,-6.866682,9789.240494
2026-07-28T11:30:00+00:00,9790.398539,-6.866682,9797.265221
2026-07-28T11:35:00+00:00,9786.694819,-6.866682,9793.561501
2026-07-28T11:40:00+00:00,9775.660820,-6.866682,9782.527502
2026-07-28T11:45:00+00:00,9789.935574,-6.866682,9796.802256
2026-07-28T11:50:00+00:00,9782.605294,-6.866682,9789.471977
2026-07-28T11:55:00+00:00,9782.759616,-6.866682,9789.626298
2026-07-28T12:00:00+00:00,9795.182510,-6.866682,9802.049192
2026-07-28T12:05:00+00:00,9785.151602,-6.866682,9792.018284
2026-07-28T12:10:00+00:00,9780.136148,-6.866682,9787.002830
2026-07-28T12:15:00+00:00,9779.981826,-6.866682,9786.848508
2026-07-28T12:20:00+00:00,9783.839868,-6.866682,9790.706550
2026-07-28T12:25:00+00:00,9778.284288,-6.866682,9785.150970
2026-07-28T12:30:00+00:00,9778.361449,-6.866682,9785.228131
2026-07-28T12:35:00+00:00,9778.978735,-6.866682,9785.845418
2026-07-28T12:40:00+00:00,9785.923210,-6.866682,9792.789893
2026-07-28T12:45:00+00:00,9798.963391,-6.866682,9805.830073
2026-07-28T12:50:00+00:00,9794.642384,-6.866682,9801.509067
2026-07-28T12:55:00+00:00,9796.725727,-6.866682,9803.592409
2026-07-28T13:00:00+00:00,9792.944846,-6.866682,9799.811528
2026-07-28T13:05:00+00:00,9789.626930,-6.866682,9796.493612
2026-07-28T13:10:00+00:00,9790.321378,-6.866682,9797.188060
2026-07-28T13:15:00+00:00,9786.077532,-6.866682,9792.944214
2026-07-28T13:20:00+00:00,9775.197855,-6.866682,9782.064537
2026-07-28T13:25:00+00:00,9746.258052,-2.924950,9753.084236
2026-07-28T13:30:00+00:00,9756.043730,-2.924950,9743.298558
2026-07-28T13:35:00+00:00,9802.275277,-2.924950,9697.067011
2026-07-28T13:40:00+00:00,9794.878229,-2.924950,9704.464059
2026-07-28T13:45:00+00:00,9806.127906,-2.924950,9693.214382
2026-07-28T13:50:00+00:00,9792.874862,-2.924950,9706.467426
2026-07-28T13:55:00+00:00,9777.695504,-2.924950,9721.646784
2026-07-28T14:00:00+00:00,9764.596566,-2.924950,9734.745722
2026-07-28T14:05:00+00:00,9763.440777,-2.924950,9735.901511
2026-07-28T14:10:00+00:00,9770.067299,-2.924950,9729.274989
2026-07-28T14:15:00+00:00,9796.958649,-2.924950,9702.383639
2026-07-28T14:20:00+00:00,9761.668568,-2.924950,9737.673720
2026-07-28T14:25:00+00:00,9765.444144,-2.924950,9733.898144
2026-07-28T14:30:00+00:00,9769.373826,-2.924950,9729.968462
2026-07-28T14:35:00+00:00,9759.356990,-2.924950,9739.985297
2026-07-28T14:40:00+00:00,9725.214299,-6.813393,9732.027692
2026-07-28T14:45:00+00:00,9745.881019,-6.813393,9752.694412
2026-07-28T14:50:00+00:00,9741.040858,-6.813393,9747.854251
2026-07-28T14:55:00+00:00,9733.588546,-6.813393,9740.401939
2026-07-28T15:00:00+00:00,9719.298546,-6.813393,9726.111939
2026-07-28T15:05:00+00:00,9733.511718,-6.813393,9740.325111
2026-07-28T15:10:00+00:00,9740.810374,-6.813393,9747.623767
2026-07-28T15:15:00+00:00,9732.051987,-6.813393,9738.865380
2026-07-28T15:20:00+00:00,9805.192201,-6.813393,9812.005594
2026-07-28T15:25:00+00:00,9785.524245,-6.813393,9792.337637
2026-07-28T15:30:00+00:00,9791.055857,-6.813393,9797.869250
2026-07-28T15:35:00+00:00,9799.276449,-6.813393,9806.089841
2026-07-28T15:40:00+00:00,9803.809298,-6.813393,9810.622691
2026-07-28T15:45:00+00:00,9805.960481,-6.813393,9812.773874
2026-07-28T15:50:00+00:00,9802.733707,-6.813393,9809.547099
2026-07-28T15:55:00+00:00,9812.721341,-6.813393,9819.534734
2026-07-28T16:00:00+00:00,9806.190965,-6.813393,9813.004357
2026-07-28T16:05:00+00:00,9800.659352,-6.813393,9807.472745
2026-07-28T16:10:00+00:00,9796.049675,-6.813393,9802.863067
2026-07-28T16:15:00+00:00,9813.259137,-6.813393,9820.072529
2026-07-28T16:20:00+00:00,9799.967900,-6.813393,9806.781293
2026-07-28T16:25:00+00:00,9798.969137,-6.813393,9805.782530
2026-07-28T16:30:00+00:00,9794.359460,-6.813393,9801.172852
2026-07-28T16:35:00+00:00,9800.275212,-6.813393,9807.088605
2026-07-28T16:40:00+00:00,9811.261610,-6.813393,9818.075002
2026-07-28T16:45:00+00:00,9812.644513,-6.813393,9819.457906
2026-07-28T16:50:00+00:00,9833.311233,-6.813393,9840.124626
2026-07-28T16:55:00+00:00,9831.236879,-6.813393,9838.050271
2026-07-28T17:00:00+00:00,9820.404137,-6.813393,9827.217529
2026-07-28T17:05:00+00:00,9802.733707,-6.813393,9809.547099
2026-07-28T17:10:00+00:00,9794.666771,-6.813393,9801.480164
2026-07-28T17:15:00+00:00,9768.911119,-2.931748,9775.753168
2026-07-28T17:20:00+00:00,9766.225894,-2.931748,9778.438393
2026-07-28T17:25:00+00:00,9767.990470,-2.931748,9776.673817
2026-07-28T17:30:00+00:00,9780.649388,-2.931748,9764.014899
2026-07-28T17:35:00+00:00,9795.303044,-2.931748,9749.361243
2026-07-28T17:40:00+00:00,9794.382395,-2.931748,9750.281892
2026-07-28T17:45:00+00:00,9778.731370,-2.931748,9765.932917
2026-07-28T17:50:00+00:00,9786.480162,-2.931748,9758.184125
2026-07-28T17:55:00+00:00,9774.665172,-2.931748,9769.999115
2026-07-28T18:00:00+00:00,9758.860706,-2.931748,9785.803582
2026-07-28T18:05:00+00:00,9769.371443,-2.931748,9775.292844
2026-07-28T18:10:00+00:00,9773.897965,-2.931748,9770.766322
2026-07-28T18:15:00+00:00,9775.202217,-2.931748,9769.462070
2026-07-28T18:20:00+00:00,9769.678326,-2.931748,9774.985961
2026-07-28T18:25:00+00:00,9773.284199,-2.931748,9771.380088
2026-07-28T18:30:00+00:00,9765.995732,-2.931748,9778.668556
2026-07-28T18:35:00+00:00,9770.138650,-2.931748,9774.525637
2026-07-28T18:40:00+00:00,9764.844921,-2.931748,9779.819366
2026-07-28T18:45:00+00:00,9761.469210,-2.931748,9783.195078
2026-07-28T18:50:00+00:00,9773.054037,-2.931748,9771.610250
2026-07-28T18:55:00+00:00,9767.760308,-2.931748,9776.903979
2026-07-28T19:00:00+00:00,9754.180742,-2.931748,9790.483545
2026-07-28T19:05:00+00:00,9760.548561,-2.931748,9784.115726
2026-07-28T19:10:00+00:00,9763.387228,-2.931748,9781.277060
2026-07-28T19:15:00+00:00,9767.683587,-2.931748,9776.980700
2026-07-28T19:20:00+00:00,9762.926903,-2.931748,9781.737384
2026-07-28T19:25:00+00:00,9765.151804,-2.931748,9779.512483
2026-07-28T19:30:00+00:00,9753.260094,-2.931748,9791.404194
2026-07-28T19:35:00+00:00,9762.466579,-2.931748,9782.197708
2026-07-28T19:40:00+00:00,9772.977317,-2.931748,9771.686971
2026-07-28T19:45:00+00:00,9768.757677,-2.931748,9775.906610
2026-07-28T19:50:00+00:00,9752.876490,-2.931748,9791.787797
2026-07-28T19:55:00+00:00,9727.766689,-6.815181,9734.581870
2026-07-28T20:00:00+00:00,9735.689779,-6.815181,9742.504959
2026-07-28T20:05:00+00:00,9733.556639,-6.815181,9740.371820
2026-07-28T20:10:00+00:00,9739.575140,-6.815181,9746.390321
2026-07-28T20:15:00+00:00,9739.803690,-6.815181,9746.618871
2026-07-28T20:20:00+00:00,9730.128379,-6.815181,9736.943560
2026-07-28T20:25:00+00:00,9727.233404,-6.815181,9734.048585
2026-07-28T20:30:00+00:00,9727.690506,-6.815181,9734.505687
2026-07-28T20:35:00+00:00,9724.262246,-6.815181,9731.077427
2026-07-28T20:40:00+00:00,9730.356930,-6.815181,9737.172111
2026-07-28T20:45:00+00:00,9733.556639,-6.815181,9740.371820
2026-07-28T20:50:00+00:00,9730.737848,-6.815181,9737.553029
2026-07-28T20:55:00+00:00,9728.909443,-6.815181,9735.724623
2026-07-28T21:00:00+00:00,9738.280019,-6.815181,9745.095200
2026-07-28T21:05:00+00:00,9733.785190,-6.815181,9740.600371
2026-07-28T21:10:00+00:00,9729.747462,-6.815181,9736.562642
2026-07-28T21:15:00+00:00,9730.052196,-6.815181,9736.867377
2026-07-28T21:20:00+00:00,9728.833259,-6.815181,9735.648440
2026-07-28T21:25:00+00:00,9729.595095,-6.815181,9736.410275
2026-07-28T21:30:00+00:00,9730.052196,-6.815181,9736.867377
2026-07-28T21:35:00+00:00,9742.470115,-6.815181,9749.285296
2026-07-28T21:40:00+00:00,9747.193495,-6.815181,9754.008676
2026-07-28T21:45:00+00:00,9745.822191,-6.815181,9752.637372
2026-07-28T21:50:00+00:00,9744.450887,-6.815181,9751.266068
2026-07-28T21:55:00+00:00,9738.127652,-6.815181,9744.942833
2026-07-28T22:00:00+00:00,9742.927216,-6.815181,9749.742397
2026-07-28T22:05:00+00:00,9738.889488,-6.815181,9745.704669
2026-07-28T22:10:00+00:00,9740.946444,-6.815181,9747.761624
2026-07-28T22:15:00+00:00,9738.813304,-6.815181,9745.628485
2026-07-28T22:20:00+00:00,9734.851760,-6.815181,9741.666940
2026-07-28T22:25:00+00:00,9729.442727,-6.815181,9736.257908
2026-07-28T22:30:00+00:00,9708.520066,-2.913624,9715.319818
2026-07-28T22:35:00+00:00,9707.454990,-2.913624,9716.384894
2026-07-28T22:40:00+00:00,9708.672220,-2.913624,9715.167665
2026-07-28T22:45:00+00:00,9716.812444,-2.913624,9707.027440
2026-07-28T22:50:00+00:00,9721.681363,-2.913624,9702.158521
2026-07-28T22:55:00+00:00,9722.442132,-2.913624,9701.397752
2026-07-28T23:00:00+00:00,9732.332124,-2.913624,9691.507760
2026-07-28T23:05:00+00:00,9746.786729,-2.913624,9677.053156
2026-07-28T23:10:00+00:00,9746.025960,-2.913624,9677.813924
2026-07-28T23:15:00+00:00,9745.797729,-2.913624,9678.042155
2026-07-28T23:20:00+00:00,9751.275263,-2.913624,9672.564621
2026-07-28T23:25:00+00:00,9744.884807,-2.913624,9678.955077
2026-07-28T23:30:00+00:00,9718.333981,-2.913624,9705.505903
2026-07-28T23:35:00+00:00,9718.333981,-2.913624,9705.505903
2026-07-28T23:40:00+00:00,9699.642961,-6.795478,9706.438438
2026-07-28T23:45:00+00:00,9709.300579,-6.795478,9716.096056
2026-07-28T23:50:00+00:00,9711.429817,-6.795478,9718.225295
2026-07-28T23:55:00+00:00,9713.102791,-6.795478,9719.898268
2026-07-29T00:00:00+00:00,9729.908567,-6.795478,9736.704045
2026-07-29T00:05:00+00:00,9732.037806,-6.795478,9738.833283
2026-07-29T00:10:00+00:00,9725.802178,-6.795478,9732.597656
2026-07-29T00:15:00+00:00,9731.885717,-6.795478,9738.681195
2026-07-29T00:20:00+00:00,9719.186330,-6.795478,9725.981807
2026-07-29T00:25:00+00:00,9725.878222,-6.795478,9732.673700
2026-07-29T00:30:00+00:00,9709.832889,-6.795478,9716.628366
2026-07-29T00:35:00+00:00,9733.330558,-6.795478,9740.126035
2026-07-29T00:40:00+00:00,9736.600460,-6.795478,9743.395937
2026-07-29T00:45:00+00:00,9729.224169,-6.795478,9736.019646
2026-07-29T00:50:00+00:00,9738.957831,-6.795478,9745.753309
2026-07-29T00:55:00+00:00,9717.437312,-6.795478,9724.232790
2026-07-29T01:00:00+00:00,9720.098860,-6.795478,9726.894338
2026-07-29T01:05:00+00:00,9711.201685,-6.795478,9717.997162
2026-07-29T01:10:00+00:00,9696.525147,-6.795478,9703.320625
2026-07-29T01:15:00+00:00,9702.228465,-6.795478,9709.023942
2026-07-29T01:20:00+00:00,9709.224535,-6.795478,9716.020012
2026-07-29T01:25:00+00:00,9711.125641,-6.795478,9717.921118
2026-07-29T01:30:00+00:00,9705.346279,-6.795478,9712.141756
2026-07-29T01:35:00+00:00,9708.540136,-6.795478,9715.335614
2026-07-29T01:40:00+00:00,9695.384484,-6.795478,9702.179961
2026-07-29T01:45:00+00:00,9674.219098,-2.903330,9680.994827
2026-07-29T01:50:00+00:00,9676.421292,-2.903330,9678.792633
2026-07-29T01:55:00+00:00,9682.572246,-2.903330,9672.641678
2026-07-29T02:00:00+00:00,9682.344433,-2.903330,9672.869492
2026-07-29T02:05:00+00:00,9670.574088,-2.903330,9684.639837
2026-07-29T02:10:00+00:00,9662.828442,-2.903330,9692.385483
2026-07-29T02:15:00+00:00,9675.661915,-2.903330,9679.552010
2026-07-29T02:20:00+00:00,9662.372816,-2.903330,9692.841109
2026-07-29T02:25:00+00:00,9620.502229,-6.740032,9627.242262
2026-07-29T02:30:00+00:00,9610.048871,-6.740032,9616.788903
2026-07-29T02:35:00+00:00,9632.083648,-6.740032,9638.823680
2026-07-29T02:40:00+00:00,9620.727841,-6.740032,9627.467874
2026-07-29T02:45:00+00:00,9606.664690,-6.740032,9613.404723
2026-07-29T02:50:00+00:00,9613.884276,-6.740032,9620.624308
2026-07-29T02:55:00+00:00,9613.433052,-6.740032,9620.173084
2026-07-29T03:00:00+00:00,9600.798777,-6.740032,9607.538809
2026-07-29T03:05:00+00:00,9617.118049,-6.740032,9623.858081
2026-07-29T03:10:00+00:00,9607.040710,-6.740032,9613.780743
2026-07-29T03:15:00+00:00,9597.790616,-6.740032,9604.530649
2026-07-29T03:20:00+00:00,9597.339392,-6.740032,9604.079424
2026-07-29T03:25:00+00:00,9586.510014,-6.740032,9593.250046
2026-07-29T03:30:00+00:00,9578.839204,-6.740032,9585.579236
2026-07-29T03:35:00+00:00,9587.638074,-6.740032,9594.378106
2026-07-29T03:40:00+00:00,9582.674609,-6.740032,9589.414641
2026-07-29T03:45:00+00:00,9575.831043,-6.740032,9582.571075
2026-07-29T03:50:00+00:00,9577.410328,-6.740032,9584.150360
2026-07-29T03:55:00+00:00,9579.290428,-6.740032,9586.030460
2026-07-29T04:00:00+00:00,9551.161954,-2.866400,9557.851494
2026-07-29T04:05:00+00:00,9534.114612,-2.866400,9574.898837
2026-07-29T04:10:00+00:00,9537.494041,-2.866400,9571.519408
2026-07-29T04:15:00+00:00,9546.205458,-2.866400,9562.807990
2026-07-29T04:20:00+00:00,9531.486167,-2.866400,9577.527281
2026-07-29T04:25:00+00:00,9527.656147,-2.866400,9581.357301
2026-07-29T04:30:00+00:00,9528.181836,-2.866400,9580.831612
2026-07-29T04:35:00+00:00,9511.585085,-2.866400,9597.428364
2026-07-29T04:40:00+00:00,9518.569238,-2.866400,9590.444210
2026-07-29T04:45:00+00:00,9517.517860,-2.866400,9591.495588
2026-07-29T04:50:00+00:00,9509.932919,-2.866400,9599.080529
2026-07-29T04:55:00+00:00,9490.401336,-6.648885,9497.050221
2026-07-29T05:00:00+00:00,9489.361801,-6.648885,9496.010685
2026-07-29T05:05:00+00:00,9490.995357,-6.648885,9497.644242
2026-07-29T05:10:00+00:00,9495.004995,-6.648885,9501.653880
2026-07-29T05:15:00+00:00,9484.312627,-6.648885,9490.961512
2026-07-29T05:20:00+00:00,9486.762961,-6.648885,9493.411846
2026-07-29T05:25:00+00:00,9488.025255,-6.648885,9494.674139
2026-07-29T05:30:00+00:00,9493.594196,-6.648885,9500.243081
2026-07-29T05:35:00+00:00,9499.682906,-6.648885,9506.331790
2026-07-29T05:40:00+00:00,9497.678087,-6.648885,9504.326972
2026-07-29T05:45:00+00:00,9499.905663,-6.648885,9506.554548
2026-07-29T05:50:00+00:00,9509.038727,-6.648885,9515.687612
2026-07-29T05:55:00+00:00,9505.251847,-6.648885,9511.900732
2026-07-29T06:00:00+00:00,9504.806332,-6.648885,9511.455217
2026-07-29T06:05:00+00:00,9502.430250,-6.648885,9509.079135
2026-07-29T06:10:00+00:00,9513.345376,-6.648885,9519.994261
2026-07-29T06:15:00+00:00,9513.568133,-6.648885,9520.217018
2026-07-29T06:20:00+00:00,9523.295218,-6.648885,9529.944103
2026-07-29T06:25:00+00:00,9554.926806,-6.648885,9561.575691
2026-07-29T06:30:00+00:00,9558.416676,-6.648885,9565.065561
2026-07-29T06:35:00+00:00,9558.193919,-6.648885,9564.842803
2026-07-29T06:40:00+00:00,9563.911365,-6.648885,9570.560250
2026-07-29T06:45:00+00:00,9555.298069,-6.648885,9561.946954
2026-07-29T06:50:00+00:00,9556.857373,-6.648885,9563.506257
2026-07-29T06:55:00+00:00,9559.233454,-6.648885,9565.882339
2026-07-29T07:00:00+00:00,9557.599898,-6.648885,9564.248783
2026-07-29T07:05:00+00:00,9562.649072,-6.648885,9569.297957
2026-07-29T07:10:00+00:00,9563.391597,-6.648885,9570.040482
2026-07-29T07:15:00+00:00,9567.549740,-6.648885,9574.198625
2026-07-29T07:20:00+00:00,9560.124485,-6.648885,9566.773370
2026-07-29T07:25:00+00:00,9570.074327,-6.648885,9576.723212
2026-07-29T07:30:00+00:00,9560.495748,-6.648885,9567.144633
2026-07-29T07:35:00+00:00,9562.426314,-6.648885,9569.075199
2026-07-29T07:40:00+00:00,9568.143761,-6.648885,9574.792646
2026-07-29T07:45:00+00:00,9571.188116,-6.648885,9577.837000
2026-07-29T07:50:00+00:00,9562.723324,-6.648885,9569.372209
2026-07-29T07:55:00+00:00,9578.613371,-6.648885,9585.262256
2026-07-29T08:00:00+00:00,9571.707883,-6.648885,9578.356768
2026-07-29T08:05:00+00:00,9559.010697,-6.648885,9565.659582
2026-07-29T08:10:00+00:00,9549.506370,-6.648885,9556.155255
2026-07-29T08:15:00+00:00,9553.070492,-6.648885,9559.719377
2026-07-29T08:20:00+00:00,9531.171039,-2.860400,9537.846577
2026-07-29T08:25:00+00:00,9536.064866,-2.860400,9532.952750
2026-07-29T08:30:00+00:00,9536.213163,-2.860400,9532.804453
2026-07-29T08:35:00+00:00,9533.543803,-2.860400,9535.473813
2026-07-29T08:40:00+00:00,9517.453493,-2.860400,9551.564123
2026-07-29T08:45:00+00:00,9513.671899,-2.860400,9555.345717
2026-07-29T08:50:00+00:00,9522.643916,-2.860400,9546.373700
2026-07-29T08:55:00+00:00,9518.936471,-2.860400,9550.081145
2026-07-29T09:00:00+00:00,9518.639875,-2.860400,9550.377741
2026-07-29T09:05:00+00:00,9517.453493,-2.860400,9551.564123
2026-07-29T09:10:00+00:00,9513.152857,-2.860400,9555.864759
2026-07-29T09:15:00+00:00,9513.449453,-2.860400,9555.568163
2026-07-29T09:20:00+00:00,9512.782113,-2.860400,9556.235503
2026-07-29T09:25:00+00:00,9512.485517,-2.860400,9556.532099
2026-07-29T09:30:00+00:00,9509.593710,-2.860400,9559.423906
2026-07-29T09:35:00+00:00,9480.232023,-6.641760,9486.873783
2026-07-29T09:40:00+00:00,9481.701284,-6.641760,9488.343044
2026-07-29T09:45:00+00:00,9475.163071,-6.641760,9481.804831
2026-07-29T09:50:00+00:00,9490.663778,-6.641760,9497.305539
2026-07-29T09:55:00+00:00,9494.704247,-6.641760,9501.346008
2026-07-29T10:00:00+00:00,9489.047591,-6.641760,9495.689351
2026-07-29T10:05:00+00:00,9491.839188,-6.641760,9498.480948
2026-07-29T10:10:00+00:00,9490.737241,-6.641760,9497.379002
2026-07-29T10:15:00+00:00,9491.692261,-6.641760,9498.334022
2026-07-29T10:20:00+00:00,9487.651793,-6.641760,9494.293553
2026-07-29T10:25:00+00:00,9484.713270,-6.641760,9491.355030
2026-07-29T10:30:00+00:00,9482.509378,-6.641760,9489.151138
2026-07-29T10:35:00+00:00,9476.852721,-6.641760,9483.494482
2026-07-29T10:40:00+00:00,9491.031094,-6.641760,9497.672854
2026-07-29T10:45:00+00:00,9481.187043,-6.641760,9487.828803
2026-07-29T10:50:00+00:00,9444.733430,-2.834459,9451.348429
2026-07-29T10:55:00+00:00,9440.038384,-2.834459,9456.043475
2026-07-29T11:00:00+00:00,9440.698625,-2.834459,9455.383235
2026-07-29T11:05:00+00:00,9436.663819,-2.834459,9459.418040
2026-07-29T11:10:00+00:00,9433.215895,-2.834459,9462.865965
2026-07-29T11:15:00+00:00,9439.671583,-2.834459,9456.410276
2026-07-29T11:20:00+00:00,9431.968773,-2.834459,9464.113086
2026-07-29T11:25:00+00:00,9437.470780,-2.834459,9458.611079
2026-07-29T11:30:00+00:00,9445.393671,-2.834459,9450.688188
2026-07-29T11:35:00+00:00,9447.741194,-2.834459,9448.340665
2026-07-29T11:40:00+00:00,9447.594474,-2.834459,9448.487385
2026-07-29T11:45:00+00:00,9438.644542,-2.834459,9457.437317
2026-07-29T11:50:00+00:00,9441.505586,-2.834459,9454.576273
2026-07-29T11:55:00+00:00,9434.609737,-2.834459,9461.472123
2026-07-29T12:00:00+00:00,9442.312547,-2.834459,9453.769312
2026-07-29T12:05:00+00:00,9445.907192,-2.834459,9450.174668
2026-07-29T12:10:00+00:00,9443.706389,-2.834459,9452.375471
2026-07-29T12:15:00+00:00,9461.679613,-2.834459,9434.402246
2026-07-29T12:20:00+00:00,9459.625531,-2.834459,9436.456329
2026-07-29T12:25:00+00:00,9460.579212,-2.834459,9435.502648
2026-07-29T12:30:00+00:00,9454.123523,-2.834459,9441.958336
2026-07-29T12:35:00+00:00,9460.065691,-2.834459,9436.016168
2026-07-29T12:40:00+00:00,9460.212411,-2.834459,9435.869448
2026-07-29T12:45:00+00:00,9462.926735,-2.834459,9433.155124
2026-07-29T12:50:00+00:00,9466.521380,-2.834459,9429.560480
2026-07-29T12:55:00+00:00,9468.722183,-2.834459,9427.359677
2026-07-29T13:00:00+00:00,9469.235704,-2.834459,9426.846156
2026-07-29T13:05:00+00:00,9466.741460,-2.834459,9429.340399
2026-07-29T13:10:00+00:00,9461.312813,-2.834459,9434.769047
2026-07-29T13:15:00+00:00,9478.038916,-2.834459,9418.042944
2026-07-29T13:20:00+00:00,9477.305315,-2.834459,9418.776545
2026-07-29T13:25:00+00:00,9479.065957,-2.834459,9417.015903
2026-07-29T13:30:00+00:00,9458.084968,-2.834459,9437.996891
2026-07-29T13:35:00+00:00,9457.204647,-2.834459,9438.877212
2026-07-29T13:40:00+00:00,9426.593792,-6.604182,9433.197974
2026-07-29T13:45:00+00:00,9450.450850,-6.604182,9457.055032
2026-07-29T13:50:00+00:00,9426.227886,-6.604182,9432.832068
2026-07-29T13:55:00+00:00,9454.475814,-6.604182,9461.079996
2026-07-29T14:00:00+00:00,9443.279096,-6.604182,9449.883278
2026-07-29T14:05:00+00:00,9427.764690,-6.604182,9434.368872
2026-07-29T14:10:00+00:00,9396.150429,-6.604182,9402.754611
2026-07-29T14:15:00+00:00,9399.516762,-6.604182,9406.120944
2026-07-29T14:20:00+00:00,9400.687661,-6.604182,9407.291843
2026-07-29T14:25:00+00:00,9387.075965,-6.604182,9393.680147
2026-07-29T14:30:00+00:00,9380.636023,-6.604182,9387.240205
2026-07-29T14:35:00+00:00,9378.147863,-6.604182,9384.752045
2026-07-29T14:40:00+00:00,9358.808612,-2.808672,9365.363430
2026-07-29T14:45:00+00:00,9352.158477,-2.808672,9372.013566
2026-07-29T14:50:00+00:00,9335.715835,-2.808672,9388.456207
2026-07-29T14:55:00+00:00,9357.566280,-2.808672,9366.605763
2026-07-29T15:00:00+00:00,9352.085399,-2.808672,9372.086644
2026-07-29T15:05:00+00:00,9345.800656,-2.808672,9378.371387
2026-07-29T15:10:00+00:00,9353.546967,-2.808672,9370.625076
2026-07-29T15:15:00+00:00,9376.055117,-2.808672,9348.116926
2026-07-29T15:20:00+00:00,9367.870335,-2.808672,9356.301708
2026-07-29T15:25:00+00:00,9358.881691,-2.808672,9365.290352
2026-07-29T15:30:00+00:00,9363.266395,-2.808672,9360.905647
2026-07-29T15:35:00+00:00,9374.958941,-2.808672,9349.213102
2026-07-29T15:40:00+00:00,9375.251254,-2.808672,9348.920788
2026-07-29T15:45:00+00:00,9366.554924,-2.808672,9357.617119
2026-07-29T15:50:00+00:00,9379.197488,-2.808672,9344.974554
2026-07-29T15:55:00+00:00,9378.028234,-2.808672,9346.143809
2026-07-29T16:00:00+00:00,9384.166820,-2.808672,9340.005223
2026-07-29T16:05:00+00:00,9375.105098,-2.808672,9349.066945
2026-07-29T16:10:00+00:00,9379.709037,-2.808672,9344.463006
2026-07-29T16:15:00+00:00,9378.320548,-2.808672,9345.851495
2026-07-29T16:20:00+00:00,9360.124024,-2.808672,9364.048019
2026-07-29T16:25:00+00:00,9369.331903,-2.808672,9354.840140
2026-07-29T16:30:00+00:00,9385.262996,-2.808672,9338.909046
2026-07-29T16:35:00+00:00,9389.940014,-2.808672,9334.232028
2026-07-29T16:40:00+00:00,9417.490574,-2.808672,9306.681468
2026-07-29T16:45:00+00:00,9417.929045,-2.808672,9306.242998
2026-07-29T16:50:00+00:00,9406.382656,-2.808672,9317.789386
2026-07-29T16:55:00+00:00,9400.317148,-2.808672,9323.854894
2026-07-29T17:00:00+00:00,9403.678755,-2.808672,9320.493288
2026-07-29T17:05:00+00:00,9408.428852,-2.808672,9315.743191
2026-07-29T17:10:00+00:00,9391.109269,-2.808672,9333.062774
2026-07-29T17:15:00+00:00,9403.313363,-2.808672,9320.858680
2026-07-29T17:20:00+00:00,9400.244070,-2.808672,9323.927973
2026-07-29T17:25:00+00:00,9407.332676,-2.808672,9316.839367
2026-07-29T17:30:00+00:00,9391.182347,-2.808672,9332.989695
2026-07-29T17:35:00+00:00,9395.128581,-2.808672,9329.043461
2026-07-29T17:40:00+00:00,9377.589763,-2.808672,9346.582279
2026-07-29T17:45:00+00:00,9373.351216,-2.808672,9350.820827
2026-07-29T17:50:00+00:00,9331.673362,-6.537682,9338.211044
2026-07-29T17:55:00+00:00,9343.387325,-6.537682,9349.925007
2026-07-29T18:00:00+00:00,9363.904949,-6.537682,9370.442631
2026-07-29T18:05:00+00:00,9367.324553,-6.537682,9373.862235
2026-07-29T18:10:00+00:00,9352.991319,-6.537682,9359.529001
2026-07-29T18:15:00+00:00,9338.294298,-6.537682,9344.831979
2026-07-29T18:20:00+00:00,9319.522854,-6.537682,9326.060536
2026-07-29T18:25:00+00:00,9317.703916,-6.537682,9324.241598
2026-07-29T18:30:00+00:00,9285.334564,-2.786622,9291.837921
2026-07-29T18:35:00+00:00,9252.348972,-2.786622,9324.823514
2026-07-29T18:40:00+00:00,9220.961800,-2.786622,9356.210685
2026-07-29T18:45:00+00:00,9206.140080,-2.786622,9371.032405
2026-07-29T18:50:00+00:00,9179.188948,-6.430852,9185.619800
2026-07-29T18:55:00+00:00,9165.606538,-6.430852,9172.037391
2026-07-29T19:00:00+00:00,9159.562011,-6.430852,9165.992863
2026-07-29T19:05:00+00:00,9124.859311,-6.430852,9131.290163
2026-07-29T19:10:00+00:00,9133.534986,-6.430852,9139.965838
2026-07-29T19:15:00+00:00,9131.188287,-6.430852,9137.619139
2026-07-29T19:20:00+00:00,9113.836937,-6.430852,9120.267789
2026-07-29T19:25:00+00:00,9098.405613,-6.430852,9104.836466
2026-07-29T19:30:00+00:00,9088.094360,-6.430852,9094.525213
2026-07-29T19:35:00+00:00,9078.707564,-6.430852,9085.138417
2026-07-29T19:40:00+00:00,9076.076417,-6.430852,9082.507269
2026-07-29T19:45:00+00:00,9040.292584,-2.713083,9046.624316
2026-07-29T19:50:00+00:00,9050.802336,-2.713083,9036.114564
2026-07-29T19:55:00+00:00,9055.702153,-2.713083,9031.214747
2026-07-29T20:00:00+00:00,9070.046545,-2.713083,9016.870356
2026-07-29T20:05:00+00:00,9089.361765,-2.713083,8997.555135
2026-07-29T20:10:00+00:00,9055.347094,-2.713083,9031.569806
2026-07-29T20:15:00+00:00,9050.802336,-2.713083,9036.114564
2026-07-29T20:20:00+00:00,9054.921023,-2.713083,9031.995877
2026-07-29T20:25:00+00:00,9067.419107,-2.713083,9019.497794
2026-07-29T20:30:00+00:00,9059.749828,-2.713083,9027.167072
2026-07-29T20:35:00+00:00,9043.701152,-2.713083,9043.215748
2026-07-29T20:40:00+00:00,9058.613639,-2.713083,9028.303262
2026-07-29T20:45:00+00:00,9067.916190,-2.713083,9019.000711
2026-07-29T20:50:00+00:00,9062.377266,-2.713083,9024.539634
2026-07-29T20:55:00+00:00,9067.774166,-2.713083,9019.142735
2026-07-29T21:00:00+00:00,9096.178902,-2.713083,8990.737999
2026-07-29T21:05:00+00:00,9093.054381,-2.713083,8993.862520
2026-07-29T21:10:00+00:00,9072.744995,-2.713083,9014.171906
2026-07-29T21:15:00+00:00,9078.709989,-2.713083,9008.206911
2026-07-29T21:20:00+00:00,9069.549462,-2.713083,9017.367439
2026-07-29T21:25:00+00:00,9061.809171,-2.713083,9025.107729
2026-07-29T21:30:00+00:00,9059.749828,-2.713083,9027.167072
2026-07-29T21:35:00+00:00,9054.636976,-2.713083,9032.279925
2026-07-29T21:40:00+00:00,9062.732325,-2.713083,9024.184575
2026-07-29T21:45:00+00:00,9054.778999,-2.713083,9032.137901
2026-07-29T21:50:00+00:00,9037.736158,-2.713083,9049.180743
2026-07-29T21:55:00+00:00,9007.893086,-6.310844,9014.203930
2026-07-29T22:00:00+00:00,9015.165224,-6.310844,9021.476069
2026-07-29T22:05:00+00:00,9023.920032,-6.310844,9030.230876
2026-07-29T22:10:00+00:00,9031.262774,-6.310844,9037.573618
2026-07-29T22:15:00+00:00,9043.194729,-6.310844,9049.505573
2026-07-29T22:20:00+00:00,9028.438642,-6.310844,9034.749486
2026-07-29T22:25:00+00:00,9034.228112,-6.310844,9040.538956
2026-07-29T22:30:00+00:00,9020.884091,-6.310844,9027.194935
2026-07-29T22:35:00+00:00,9021.801933,-6.310844,9028.112777
2026-07-29T22:40:00+00:00,9029.497691,-6.310844,9035.808536
2026-07-29T22:45:00+00:00,9017.636339,-6.310844,9023.947184
2026-07-29T22:50:00+00:00,9018.483579,-6.310844,9024.794423
2026-07-29T22:55:00+00:00,9019.966248,-6.310844,9026.277092
2026-07-29T23:00:00+00:00,9018.483579,-6.310844,9024.794423
2026-07-29T23:05:00+00:00,9023.708222,-6.310844,9030.019066
2026-07-29T23:10:00+00:00,9017.071513,-6.310844,9023.382357
2026-07-29T23:15:00+00:00,9036.346210,-6.310844,9042.657054
2026-07-29T23:20:00+00:00,9029.991914,-6.310844,9036.302759
2026-07-29T23:25:00+00:00,9029.144675,-6.310844,9035.455519
2026-07-29T23:30:00+00:00,9024.061238,-6.310844,9030.372083
2026-07-29T23:35:00+00:00,9024.414255,-6.310844,9030.725099
2026-07-29T23:40:00+00:00,9029.003468,-6.310844,9035.314313
2026-07-29T23:45:00+00:00,9027.238386,-6.310844,9033.549230
2026-07-29T23:50:00+00:00,9032.745443,-6.310844,9039.056287
2026-07-29T23:55:00+00:00,9025.896924,-6.310844,9032.207768
2026-07-30T00:00:00+00:00,9029.568295,-6.310844,9035.879139
2026-07-30T00:05:00+00:00,9034.792938,-6.310844,9041.103782
2026-07-30T00:10:00+00:00,9032.957252,-6.310844,9039.268097
2026-07-30T00:15:00+00:00,9034.651731,-6.310844,9040.962575
2026-07-30T00:20:00+00:00,9025.685114,-6.310844,9031.995958
2026-07-30T00:25:00+00:00,9029.003468,-6.310844,9035.314313
2026-07-30T00:30:00+00:00,8994.296773,-2.699279,9000.596290
2026-07-30T00:35:00+00:00,9000.712677,-2.699279,8994.180387
2026-07-30T00:40:00+00:00,9016.082644,-2.699279,8978.810420
2026-07-30T00:45:00+00:00,9008.538669,-2.699279,8986.354394
2026-07-30T00:50:00+00:00,9027.222345,-2.699279,8967.670719
2026-07-30T00:55:00+00:00,9016.858193,-2.699279,8978.034871
2026-07-30T01:00:00+00:00,8997.469473,-2.699279,8997.423591
2026-07-30T01:05:00+00:00,9001.417721,-2.699279,8993.475342
2026-07-30T01:10:00+00:00,9014.954573,-2.699279,8979.938491
2026-07-30T01:15:00+00:00,9008.820687,-2.699279,8986.072377
2026-07-30T01:20:00+00:00,8995.777366,-2.699279,8999.115697
2026-07-30T01:25:00+00:00,8996.059384,-2.699279,8998.833680
2026-07-30T01:30:00+00:00,8963.865346,-6.279999,8970.145345
2026-07-30T01:35:00+00:00,8962.112173,-6.279999,8968.392172
2026-07-30T01:40:00+00:00,8975.576543,-6.279999,8981.856542
2026-07-30T01:45:00+00:00,9000.541728,-6.279999,9006.821727
2026-07-30T01:50:00+00:00,9010.078990,-6.279999,9016.358989
2026-07-30T01:55:00+00:00,9005.310359,-6.279999,9011.590358
2026-07-30T02:00:00+00:00,9006.081755,-6.279999,9012.361754
2026-07-30T02:05:00+00:00,9011.832163,-6.279999,9018.112162
2026-07-30T02:10:00+00:00,9013.374955,-6.279999,9019.654954
2026-07-30T02:15:00+00:00,9014.847621,-6.279999,9021.127620
2026-07-30T02:20:00+00:00,9015.128129,-6.279999,9021.408127
2026-07-30T02:25:00+00:00,9016.811175,-6.279999,9023.091174
2026-07-30T02:30:00+00:00,9001.593632,-6.279999,9007.873631
2026-07-30T02:35:00+00:00,9003.276678,-6.279999,9009.556677
2026-07-30T02:40:00+00:00,9012.463305,-6.279999,9018.743304
2026-07-30T02:45:00+00:00,9003.346805,-6.279999,9009.626804
2026-07-30T02:50:00+00:00,9001.523505,-6.279999,9007.803504
2026-07-30T02:55:00+00:00,8993.879670,-6.279999,9000.159669
2026-07-30T03:00:00+00:00,8998.928809,-6.279999,9005.208808
2026-07-30T03:05:00+00:00,8993.248528,-6.279999,8999.528527
2026-07-30T03:10:00+00:00,8995.282209,-6.279999,9001.562208
2026-07-30T03:15:00+00:00,8999.209317,-6.279999,9005.489315
2026-07-30T03:20:00+00:00,8998.998936,-6.279999,9005.278935
2026-07-30T03:25:00+00:00,9004.959724,-6.279999,9011.239723
2026-07-30T03:30:00+00:00,8995.702970,-6.279999,9001.982969
2026-07-30T03:35:00+00:00,8989.812309,-6.279999,8996.092307
2026-07-30T03:40:00+00:00,8989.672055,-6.279999,8995.952054
2026-07-30T03:45:00+00:00,8994.370559,-6.279999,9000.650558
2026-07-30T03:50:00+00:00,8994.791320,-6.279999,9001.071319
2026-07-30T03:55:00+00:00,8989.531801,-6.279999,8995.811800
2026-07-30T04:00:00+00:00,8987.568247,-6.279999,8993.848246
2026-07-30T04:05:00+00:00,8984.973551,-6.279999,8991.253550
2026-07-30T04:10:00+00:00,8985.113805,-6.279999,8991.393803
2026-07-30T04:15:00+00:00,8981.256824,-6.279999,8987.536823
2026-07-30T04:20:00+00:00,8981.046443,-6.279999,8987.326442
2026-07-30T04:25:00+00:00,8981.397078,-6.279999,8987.677076
2026-07-30T04:30:00+00:00,8987.147486,-6.279999,8993.427484
2026-07-30T04:35:00+00:00,8980.836062,-6.279999,8987.116061
2026-07-30T04:40:00+00:00,8980.695808,-6.279999,8986.975807
2026-07-30T04:45:00+00:00,8982.378855,-6.279999,8988.658853
2026-07-30T04:50:00+00:00,8980.204920,-6.279999,8986.484919
2026-07-30T04:55:00+00:00,8958.040491,-2.688398,8964.314615
2026-07-30T05:00:00+00:00,8962.592362,-2.688398,8959.762744
2026-07-30T05:05:00+00:00,8963.432707,-2.688398,8958.922398
2026-07-30T05:10:00+00:00,8964.273053,-2.688398,8958.082053
2026-07-30T05:15:00+00:00,8963.292650,-2.688398,8959.062456
2026-07-30T05:20:00+00:00,8972.396392,-2.688398,8949.958714
2026-07-30T05:25:00+00:00,8959.861239,-2.688398,8962.493866
2026-07-30T05:30:00+00:00,8943.964705,-2.688398,8978.390400
2026-07-30T05:35:00+00:00,8953.208505,-2.688398,8969.146601
2026-07-30T05:40:00+00:00,8944.664993,-2.688398,8977.690112
2026-07-30T05:45:00+00:00,8949.426950,-2.688398,8972.928155
2026-07-30T05:50:00+00:00,8957.130117,-2.688398,8965.224989
2026-07-30T05:55:00+00:00,8955.799570,-2.688398,8966.555536
2026-07-30T06:00:00+00:00,8953.068447,-2.688398,8969.286658
2026-07-30T06:05:00+00:00,8961.962103,-2.688398,8960.393003
2026-07-30T06:10:00+00:00,8961.962103,-2.688398,8960.393003
2026-07-30T06:15:00+00:00,8963.782851,-2.688398,8958.572254
2026-07-30T06:20:00+00:00,8957.200145,-2.688398,8965.154960
2026-07-30T06:25:00+00:00,8950.057209,-2.688398,8972.297896
2026-07-30T06:30:00+00:00,8959.511095,-2.688398,8962.844010
2026-07-30T06:35:00+00:00,8958.740779,-2.688398,8963.614327
2026-07-30T06:40:00+00:00,8960.211383,-2.688398,8962.143722
2026-07-30T06:45:00+00:00,8960.701585,-2.688398,8961.653521
2026-07-30T06:50:00+00:00,8962.032132,-2.688398,8960.322974
2026-07-30T06:55:00+00:00,8961.401872,-2.688398,8960.953233
2026-07-30T07:00:00+00:00,8947.886317,-2.688398,8974.468788
2026-07-30T07:05:00+00:00,8951.667872,-2.688398,8970.687234
2026-07-30T07:10:00+00:00,8953.138476,-2.688398,8969.216630
2026-07-30T07:15:00+00:00,8942.774216,-2.688398,8979.580890
2026-07-30T07:20:00+00:00,8943.894676,-2.688398,8978.460429
2026-07-30T07:25:00+00:00,8952.578246,-2.688398,8969.776860
2026-07-30T07:30:00+00:00,8963.642794,-2.688398,8958.712312
2026-07-30T07:35:00+00:00,8959.020894,-2.688398,8963.334212
2026-07-30T07:40:00+00:00,8955.799570,-2.688398,8966.555536
2026-07-30T07:45:00+00:00,8960.561527,-2.688398,8961.793578
2026-07-30T07:50:00+00:00,8960.071326,-2.688398,8962.283780
2026-07-30T07:55:00+00:00,8960.281412,-2.688398,8962.073694
2026-07-30T08:00:00+00:00,8958.880836,-2.688398,8963.474269
2026-07-30T08:05:00+00:00,8959.371038,-2.688398,8962.984068
2026-07-30T08:10:00+00:00,8960.141354,-2.688398,8962.213751
2026-07-30T08:15:00+00:00,8959.090923,-2.688398,8963.264183
2026-07-30T08:20:00+00:00,8920.427151,-6.249566,8926.676718
2026-07-30T08:25:00+00:00,8929.119686,-6.249566,8935.369252
2026-07-30T08:30:00+00:00,8932.388079,-6.249566,8938.637645
2026-07-30T08:35:00+00:00,8926.685776,-6.249566,8932.935343
2026-07-30T08:40:00+00:00,8940.802453,-6.249566,8947.052019
2026-07-30T08:45:00+00:00,8937.116818,-6.249566,8943.366384
2026-07-30T08:50:00+00:00,8934.057046,-6.249566,8940.306612
2026-07-30T08:55:00+00:00,8934.682908,-6.249566,8940.932475
2026-07-30T09:00:00+00:00,8935.447851,-6.249566,8941.697418
2026-07-30T09:05:00+00:00,8939.828889,-6.249566,8946.078455
2026-07-30T09:10:00+00:00,8949.355907,-6.249566,8955.605473
2026-07-30T09:15:00+00:00,8947.965101,-6.249566,8954.214667
2026-07-30T09:20:00+00:00,8961.664536,-6.249566,8967.914102
2026-07-30T09:25:00+00:00,8961.038673,-6.249566,8967.288239
2026-07-30T09:30:00+00:00,8976.546155,-6.249566,8982.795721
2026-07-30T09:35:00+00:00,8973.208222,-6.249566,8979.457788
2026-07-30T09:40:00+00:00,8975.224890,-6.249566,8981.474456
2026-07-30T09:45:00+00:00,8975.363970,-6.249566,8981.613536
2026-07-30T09:50:00+00:00,8972.930060,-6.249566,8979.179627
2026-07-30T09:55:00+00:00,8972.234658,-6.249566,8978.484224
2026-07-30T10:00:00+00:00,8974.668567,-6.249566,8980.918134
2026-07-30T10:05:00+00:00,8976.963396,-6.249566,8983.212963
2026-07-30T10:10:00+00:00,8972.026037,-6.249566,8978.275603
2026-07-30T10:15:00+00:00,8977.728340,-6.249566,8983.977906
2026-07-30T10:20:00+00:00,8978.423742,-6.249566,8984.673309
2026-07-30T10:25:00+00:00,8979.327766,-6.249566,8985.577332
2026-07-30T10:30:00+00:00,8974.529487,-6.249566,8980.779053
2026-07-30T10:35:00+00:00,8972.234658,-6.249566,8978.484224
2026-07-30T10:40:00+00:00,8977.936960,-6.249566,8984.186527
2026-07-30T10:45:00+00:00,8975.155349,-6.249566,8981.404916
2026-07-30T10:50:00+00:00,8971.608795,-6.249566,8977.858362
2026-07-30T10:55:00+00:00,8972.026037,-6.249566,8978.275603
2026-07-30T11:00:00+00:00,8973.555923,-6.249566,8979.805489
2026-07-30T11:05:00+00:00,8979.397306,-6.249566,8985.646873
2026-07-30T11:10:00+00:00,8976.685235,-6.249566,8982.934802
2026-07-30T11:15:00+00:00,8978.215121,-6.249566,8984.464688
2026-07-30T11:20:00+00:00,8975.503051,-6.249566,8981.752617
2026-07-30T11:25:00+00:00,8972.721440,-6.249566,8978.971006
2026-07-30T11:30:00+00:00,8969.870288,-6.249566,8976.119855
2026-07-30T11:35:00+00:00,8983.569723,-6.249566,8989.819289
2026-07-30T11:40:00+00:00,8984.612827,-6.249566,8990.862393
2026-07-30T11:45:00+00:00,8985.655931,-6.249566,8991.905497
2026-07-30T11:50:00+00:00,9011.594454,-6.249566,9017.844021
2026-07-30T11:55:00+00:00,9002.345598,-6.249566,9008.595164
2026-07-30T12:00:00+00:00,9011.733535,-6.249566,9017.983101
2026-07-30T12:05:00+00:00,9017.366297,-6.249566,9023.615864
2026-07-30T12:10:00+00:00,9029.466306,-6.249566,9035.715872
2026-07-30T12:15:00+00:00,9019.452506,-6.249566,9025.702072
2026-07-30T12:20:00+00:00,9025.015728,-6.249566,9031.265294
2026-07-30T12:25:00+00:00,9014.723767,-6.249566,9020.973333
2026-07-30T12:30:00+00:00,9018.339861,-6.249566,9024.589428
2026-07-30T12:35:00+00:00,9013.054800,-6.249566,9019.304367
2026-07-30T12:40:00+00:00,9008.465142,-6.249566,9014.714708
2026-07-30T12:45:00+00:00,9013.819743,-6.249566,9020.069310
2026-07-30T12:50:00+00:00,9018.270321,-6.249566,9024.519887
2026-07-30T12:55:00+00:00,9019.869747,-6.249566,9026.119314
2026-07-30T13:00:00+00:00,9014.028364,-6.249566,9020.277930
2026-07-30T13:05:00+00:00,9013.958824,-6.249566,9020.208390
2026-07-30T13:10:00+00:00,9009.438706,-6.249566,9015.688272
2026-07-30T13:15:00+00:00,9008.395602,-6.249566,9014.645168
2026-07-30T13:20:00+00:00,9010.899052,-6.249566,9017.148618
2026-07-30T13:25:00+00:00,9008.465142,-6.249566,9014.714708
2026-07-30T13:30:00+00:00,8996.226053,-6.249566,9002.475620
2026-07-30T13:35:00+00:00,8995.461110,-6.249566,9001.710677
2026-07-30T13:40:00+00:00,9033.708262,-6.249566,9039.957829
2026-07-30T13:45:00+00:00,9050.258848,-6.249566,9056.508415
2026-07-30T13:50:00+00:00,9031.552514,-6.249566,9037.802080
2026-07-30T13:55:00+00:00,9034.195044,-6.249566,9040.444611
2026-07-30T14:00:00+00:00,9017.505378,-6.249566,9023.754944
2026-07-30T14:05:00+00:00,8999.285825,-6.249566,9005.535392
2026-07-30T14:10:00+00:00,8980.647124,-2.695182,8986.937081
2026-07-30T14:15:00+00:00,8991.271951,-2.695182,8976.312254
2026-07-30T14:20:00+00:00,8975.299989,-2.695182,8992.284217
2026-07-30T14:25:00+00:00,8973.702793,-2.695182,8993.881413
2026-07-30T14:30:00+00:00,8968.980647,-2.695182,8998.603558
2026-07-30T14:35:00+00:00,8968.772317,-2.695182,8998.811888
2026-07-30T14:40:00+00:00,8970.647287,-2.695182,8996.936919
2026-07-30T14:45:00+00:00,8970.647287,-2.695182,8996.936919
2026-07-30T14:50:00+00:00,8979.258258,-2.695182,8988.325948
2026-07-30T14:55:00+00:00,8987.730342,-2.695182,8979.853863
2026-07-30T15:00:00+00:00,8977.522175,-2.695182,8990.062031
2026-07-30T15:05:00+00:00,8968.147328,-2.695182,8999.436878
2026-07-30T15:10:00+00:00,8981.897104,-2.695182,8985.687102
2026-07-30T15:15:00+00:00,8975.161102,-2.695182,8992.423103
2026-07-30T15:20:00+00:00,8971.688937,-2.695182,8995.895269
2026-07-30T15:25:00+00:00,8987.105352,-2.695182,8980.478853
2026-07-30T15:30:00+00:00,8988.008116,-2.695182,8979.576090
2026-07-30T15:35:00+00:00,8982.244320,-2.695182,8985.339885
2026-07-30T15:40:00+00:00,8976.411082,-2.695182,8991.173124
2026-07-30T15:45:00+00:00,8974.813886,-2.695182,8992.770320
2026-07-30T15:50:00+00:00,8980.994341,-2.695182,8986.589865
2026-07-30T15:55:00+00:00,8981.619331,-2.695182,8985.964875
2026-07-30T16:00:00+00:00,8967.314008,-2.695182,9000.270198
2026-07-30T16:05:00+00:00,8965.091822,-2.695182,9002.492384
2026-07-30T16:10:00+00:00,8952.939242,-2.695182,9014.644964
2026-07-30T16:15:00+00:00,8957.591944,-2.695182,9009.992262
2026-07-30T16:20:00+00:00,8964.119615,-2.695182,9003.464590
2026-07-30T16:25:00+00:00,8959.605800,-2.695182,9007.978406
2026-07-30T16:30:00+00:00,8961.202996,-2.695182,9006.381209
2026-07-30T16:35:00+00:00,8962.591862,-2.695182,9004.992343
2026-07-30T16:40:00+00:00,8975.091659,-2.695182,8992.492547
2026-07-30T16:45:00+00:00,8969.675081,-2.695182,8997.909125
2026-07-30T16:50:00+00:00,8966.827905,-2.695182,9000.756301
2026-07-30T16:55:00+00:00,8969.466751,-2.695182,8998.117455
2026-07-30T17:00:00+00:00,8965.716812,-2.695182,9001.867394
2026-07-30T17:05:00+00:00,8967.383451,-2.695182,9000.200754
2026-07-30T17:10:00+00:00,8970.994503,-2.695182,8996.589702
2026-07-30T17:15:00+00:00,8957.453057,-2.695182,9010.131148
2026-07-30T17:20:00+00:00,8951.203159,-2.695182,9016.381047
2026-07-30T17:25:00+00:00,8951.272602,-2.695182,9016.311603
2026-07-30T17:30:00+00:00,8963.494626,-2.695182,9004.089580
2026-07-30T17:35:00+00:00,8962.314089,-2.695182,9005.270116
2026-07-30T17:40:00+00:00,8950.161509,-2.695182,9017.422696
2026-07-30T17:45:00+00:00,8957.175284,-2.695182,9010.408922
2026-07-30T17:50:00+00:00,8962.036316,-2.695182,9005.547890
2026-07-30T17:55:00+00:00,8961.064110,-2.695182,9006.520096
2026-07-30T18:00:00+00:00,8962.800192,-2.695182,9004.784013
2026-07-30T18:05:00+00:00,8965.508482,-2.695182,9002.075724
2026-07-30T18:10:00+00:00,8968.216771,-2.695182,8999.367435
2026-07-30T18:15:00+00:00,8974.188896,-2.695182,8993.395310
2026-07-30T18:20:00+00:00,8971.897267,-2.695182,8995.686939
2026-07-30T18:25:00+00:00,8971.688937,-2.695182,8995.895269
2026-07-30T18:30:00+00:00,8976.133309,-2.695182,8991.450897
2026-07-30T18:35:00+00:00,8982.660980,-2.695182,8984.923225
2026-07-30T18:40:00+00:00,8980.161021,-2.695182,8987.423185
2026-07-30T18:45:00+00:00,8984.397063,-2.695182,8983.187142
2026-07-30T18:50:00+00:00,8986.202589,-2.695182,8981.381616
2026-07-30T18:55:00+00:00,8985.160940,-2.695182,8982.423266
2026-07-30T19:00:00+00:00,8973.563906,-2.695182,8994.020300
2026-07-30T19:05:00+00:00,8954.114324,-6.273167,8960.387491
2026-07-30T19:10:00+00:00,8954.390847,-6.273167,8960.664014
2026-07-30T19:15:00+00:00,8954.459978,-6.273167,8960.733145
2026-07-30T19:20:00+00:00,8956.326509,-6.273167,8962.599677
2026-07-30T19:25:00+00:00,8961.787842,-6.273167,8968.061009
2026-07-30T19:30:00+00:00,8959.506526,-6.273167,8965.779693
2026-07-30T19:35:00+00:00,8957.916518,-6.273167,8964.189685
2026-07-30T19:40:00+00:00,8955.151286,-6.273167,8961.424453
2026-07-30T19:45:00+00:00,8948.238207,-6.273167,8954.511374
2026-07-30T19:50:00+00:00,8955.151286,-6.273167,8961.424453
2026-07-30T19:55:00+00:00,8949.206038,-6.273167,8955.479205
2026-07-30T20:00:00+00:00,8964.760466,-6.273167,8971.033633
2026-07-30T20:05:00+00:00,8953.008231,-6.273167,8959.281399
2026-07-30T20:10:00+00:00,8949.206038,-6.273167,8955.479205
2026-07-30T20:15:00+00:00,8953.630408,-6.273167,8959.903576
2026-07-30T20:20:00+00:00,8958.953479,-6.273167,8965.226647
2026-07-30T20:25:00+00:00,8948.929515,-6.273167,8955.202682
2026-07-30T20:30:00+00:00,8951.210831,-6.273167,8957.483998
2026-07-30T20:35:00+00:00,8948.376468,-6.273167,8954.649636
2026-07-30T20:40:00+00:00,8959.852180,-6.273167,8966.125347
2026-07-30T20:45:00+00:00,8959.575657,-6.273167,8965.848824
2026-07-30T20:50:00+00:00,8954.667370,-6.273167,8960.940538
2026-07-30T20:55:00+00:00,8946.993853,-6.273167,8953.267020
2026-07-30T21:00:00+00:00,8950.450392,-6.273167,8956.723559
2026-07-30T21:05:00+00:00,8947.062983,-6.273167,8953.336151
2026-07-30T21:10:00+00:00,8944.436013,-6.273167,8950.709181
2026-07-30T21:15:00+00:00,8943.882967,-6.273167,8950.156134
2026-07-30T21:20:00+00:00,8943.675575,-6.273167,8949.948742
2026-07-30T21:25:00+00:00,8943.675575,-6.273167,8949.948742
2026-07-30T21:30:00+00:00,8944.228621,-6.273167,8950.501788
2026-07-30T21:35:00+00:00,8947.685160,-6.273167,8953.958328
2026-07-30T21:40:00+00:00,8945.749498,-6.273167,8952.022666
2026-07-30T21:45:00+00:00,8942.776874,-6.273167,8949.050042
2026-07-30T21:50:00+00:00,8940.426427,-6.273167,8946.699595
2026-07-30T21:55:00+00:00,8940.979474,-6.273167,8947.252641
2026-07-30T22:00:00+00:00,8950.934308,-6.273167,8957.207475
2026-07-30T22:05:00+00:00,8970.705714,-6.273167,8976.978881
2026-07-30T22:10:00+00:00,8968.977444,-6.273167,8975.250611
2026-07-30T22:15:00+00:00,8966.281343,-6.273167,8972.554511
2026-07-30T22:20:00+00:00,8966.073951,-6.273167,8972.347118
2026-07-30T22:25:00+00:00,8978.310101,-6.273167,8984.583268
2026-07-30T22:30:00+00:00,8970.221798,-6.273167,8976.494966
2026-07-30T22:35:00+00:00,8965.106120,-6.273167,8971.379287
2026-07-30T22:40:00+00:00,8966.696128,-6.273167,8972.969295
2026-07-30T22:45:00+00:00,8962.133496,-6.273167,8968.406663
2026-07-30T22:50:00+00:00,8960.889142,-6.273167,8967.162309
2026-07-30T22:55:00+00:00,8958.331302,-6.273167,8964.604470
2026-07-30T23:00:00+00:00,8959.852180,-6.273167,8966.125347
2026-07-30T23:05:00+00:00,8963.170458,-6.273167,8969.443625
2026-07-30T23:10:00+00:00,8970.290929,-6.273167,8976.564096
2026-07-30T23:15:00+00:00,8966.903520,-6.273167,8973.176688
2026-07-30T23:20:00+00:00,8965.659166,-6.273167,8971.932333
2026-07-30T23:25:00+00:00,8968.562659,-6.273167,8974.835827
2026-07-30T23:30:00+00:00,8986.467534,-6.273167,8992.740702
2026-07-30T23:35:00+00:00,8989.232766,-6.273167,8995.505933
2026-07-30T23:40:00+00:00,8939.923536,-2.682961,8946.184971
2026-07-30T23:45:00+00:00,8929.154232,-2.682961,8956.954275
2026-07-30T23:50:00+00:00,8944.617848,-2.682961,8941.490659
2026-07-30T23:55:00+00:00,8945.377222,-2.682961,8940.731285
2026-07-31T00:00:00+00:00,8931.087184,-2.682961,8955.021323
2026-07-31T00:05:00+00:00,8943.927508,-2.682961,8942.180999
2026-07-31T00:10:00+00:00,8939.440298,-2.682961,8946.668209
2026-07-31T00:15:00+00:00,8946.205630,-2.682961,8939.902877
2026-07-31T00:20:00+00:00,8945.170120,-2.682961,8940.938387
2026-07-31T00:25:00+00:00,8945.998528,-2.682961,8940.109979
2026-07-31T00:30:00+00:00,8945.170120,-2.682961,8940.938387
2026-07-31T00:35:00+00:00,8946.619834,-2.682961,8939.488673
2026-07-31T00:40:00+00:00,8942.891998,-2.682961,8943.216509
2026-07-31T00:45:00+00:00,8949.243126,-2.682961,8936.865381
2026-07-31T00:50:00+00:00,8956.974934,-2.682961,8929.133573
2026-07-31T00:55:00+00:00,8952.556758,-2.682961,8933.551749
2026-07-31T01:00:00+00:00,8908.007312,-6.240865,8914.248177
2026-07-31T01:05:00+00:00,8961.614155,-6.240865,8967.855020
2026-07-31T01:10:00+00:00,8940.542067,-6.240865,8946.782932
2026-07-31T01:15:00+00:00,8926.127935,-6.240865,8932.368800
2026-07-31T01:20:00+00:00,8929.285316,-6.240865,8935.526181
2026-07-31T01:25:00+00:00,8940.130234,-6.240865,8946.371100
2026-07-31T01:30:00+00:00,8920.156366,-6.240865,8926.397231
2026-07-31T01:35:00+00:00,8904.163544,-6.240865,8910.404409
2026-07-31T01:40:00+00:00,8890.710354,-6.240865,8896.951219
2026-07-31T01:45:00+00:00,8860.646594,-6.240865,8866.887459
2026-07-31T01:50:00+00:00,8854.743664,-6.240865,8860.984529
2026-07-31T01:55:00+00:00,8853.919999,-6.240865,8860.160864
2026-07-31T02:00:00+00:00,8849.046650,-6.240865,8855.287515
2026-07-31T02:05:00+00:00,8859.822929,-6.240865,8866.063794
2026-07-31T02:10:00+00:00,8843.692829,-6.240865,8849.933694
2026-07-31T02:15:00+00:00,8833.808853,-6.240865,8840.049718
2026-07-31T02:20:00+00:00,8829.484614,-6.240865,8835.725479
2026-07-31T02:25:00+00:00,8825.984039,-6.240865,8832.224904
2026-07-31T02:30:00+00:00,8827.425452,-6.240865,8833.666317
2026-07-31T02:35:00+00:00,8817.541476,-6.240865,8823.782341
2026-07-31T02:40:00+00:00,8807.863416,-6.240865,8814.104281
2026-07-31T02:45:00+00:00,8821.110690,-6.240865,8827.351555
2026-07-31T02:50:00+00:00,8820.218386,-6.240865,8826.459251
2026-07-31T02:55:00+00:00,8817.747392,-6.240865,8823.988257
2026-07-31T03:00:00+00:00,8811.707185,-6.240865,8817.948050
2026-07-31T03:05:00+00:00,8810.952159,-6.240865,8817.193024
2026-07-31T03:10:00+00:00,8812.462210,-6.240865,8818.703076
2026-07-31T03:15:00+00:00,8823.375767,-6.240865,8829.616632
2026-07-31T03:20:00+00:00,8832.230163,-6.240865,8838.471028
2026-07-31T03:25:00+00:00,8829.072781,-6.240865,8835.313646
2026-07-31T03:30:00+00:00,8826.052678,-6.240865,8832.293543
2026-07-31T03:35:00+00:00,8820.836135,-6.240865,8827.077000
2026-07-31T03:40:00+00:00,8829.759169,-6.240865,8836.000034
2026-07-31T03:45:00+00:00,8824.885819,-6.240865,8831.126684
2026-07-31T03:50:00+00:00,8836.485763,-6.240865,8842.726629
2026-07-31T03:55:00+00:00,8827.562729,-6.240865,8833.803595
2026-07-31T04:00:00+00:00,8835.387544,-6.240865,8841.628409
2026-07-31T04:05:00+00:00,8832.641995,-6.240865,8838.882860
2026-07-31T04:10:00+00:00,8826.876342,-6.240865,8833.117207
2026-07-31T04:15:00+00:00,8818.708334,-6.240865,8824.949199
2026-07-31T04:20:00+00:00,8810.334410,-6.240865,8816.575275
2026-07-31T04:25:00+00:00,8823.307129,-6.240865,8829.547994
2026-07-31T04:30:00+00:00,8821.659799,-6.240865,8827.900664
2026-07-31T04:35:00+00:00,8822.071632,-6.240865,8828.312497
2026-07-31T04:40:00+00:00,8819.257444,-6.240865,8825.498309
2026-07-31T04:45:00+00:00,8817.747392,-6.240865,8823.988257
2026-07-31T04:50:00+00:00,8821.316606,-6.240865,8827.557471
2026-07-31T04:55:00+00:00,8819.120167,-6.240865,8825.361032
2026-07-31T05:00:00+00:00,8833.465660,-6.240865,8839.706525
2026-07-31T05:05:00+00:00,8830.102362,-6.240865,8836.343227
2026-07-31T05:10:00+00:00,8834.289324,-6.240865,8840.530189
2026-07-31T05:15:00+00:00,8829.827807,-6.240865,8836.068672
2026-07-31T05:20:00+00:00,8830.171001,-6.240865,8836.411866
2026-07-31T05:25:00+00:00,8821.591161,-6.240865,8827.832026
2026-07-31T05:30:00+00:00,8820.698857,-6.240865,8826.939722
2026-07-31T05:35:00+00:00,8821.659799,-6.240865,8827.900664
2026-07-31T05:40:00+00:00,8816.031424,-6.240865,8822.272289
2026-07-31T05:45:00+00:00,8815.894147,-6.240865,8822.135012
2026-07-31T05:50:00+00:00,8823.032574,-6.240865,8829.273439
2026-07-31T05:55:00+00:00,8826.189955,-6.240865,8832.430820
2026-07-31T06:00:00+00:00,8824.268071,-6.240865,8830.508936
2026-07-31T06:05:00+00:00,8829.553252,-6.240865,8835.794118
2026-07-31T06:10:00+00:00,8828.866865,-6.240865,8835.107730
2026-07-31T06:15:00+00:00,8829.004143,-6.240865,8835.245008
2026-07-31T06:20:00+00:00,8827.768646,-6.240865,8834.009511
2026-07-31T06:25:00+00:00,8839.780422,-6.240865,8846.021287
2026-07-31T06:30:00+00:00,8839.986338,-6.240865,8846.227203
2026-07-31T06:35:00+00:00,8826.807703,-6.240865,8833.048569
2026-07-31T06:40:00+00:00,8802.388386,-2.641685,8808.553493
2026-07-31T06:45:00+00:00,8804.650276,-2.641685,8806.291603
2026-07-31T06:50:00+00:00,8807.323419,-2.641685,8803.618460
2026-07-31T06:55:00+00:00,8808.214466,-2.641685,8802.727412
2026-07-31T07:00:00+00:00,8824.253322,-2.641685,8786.688556
2026-07-31T07:05:00+00:00,8823.225191,-2.641685,8787.716688
2026-07-31T07:10:00+00:00,8831.450245,-2.641685,8779.491634
2026-07-31T07:15:00+00:00,8829.736692,-2.641685,8781.205187
2026-07-31T07:20:00+00:00,8842.211358,-2.641685,8768.730521
2026-07-31T07:25:00+00:00,8840.703431,-2.641685,8770.238448
2026-07-31T07:30:00+00:00,8841.868647,-2.641685,8769.073231
2026-07-31T07:35:00+00:00,8842.142816,-2.641685,8768.799063
2026-07-31T07:40:00+00:00,8852.218507,-2.641685,8758.723371
2026-07-31T07:45:00+00:00,8845.227211,-2.641685,8765.714668
2026-07-31T07:50:00+00:00,8843.582200,-2.641685,8767.359678
2026-07-31T07:55:00+00:00,8849.202654,-2.641685,8761.739225
2026-07-31T08:00:00+00:00,8847.831812,-2.641685,8763.110067
2026-07-31T08:05:00+00:00,8860.649188,-2.641685,8750.292691
2026-07-31T08:10:00+00:00,8848.311607,-2.641685,8762.630272
2026-07-31T08:15:00+00:00,8854.686024,-2.641685,8756.255855
2026-07-31T08:20:00+00:00,8858.113130,-2.641685,8752.828749
2026-07-31T08:25:00+00:00,8845.775548,-2.641685,8765.166331
2026-07-31T08:30:00+00:00,8848.243065,-2.641685,8762.698814
2026-07-31T08:35:00+00:00,8859.209804,-2.641685,8751.732075
2026-07-31T08:40:00+00:00,8861.608778,-2.641685,8749.333101
2026-07-31T08:45:00+00:00,8857.016456,-2.641685,8753.925423
2026-07-31T08:50:00+00:00,8865.035884,-2.641685,8745.905995
2026-07-31T08:55:00+00:00,8863.939210,-2.641685,8747.002669
2026-07-31T09:00:00+00:00,8863.048162,-2.641685,8747.893716
2026-07-31T09:05:00+00:00,8869.011327,-2.641685,8741.930552
2026-07-31T09:10:00+00:00,8867.503400,-2.641685,8743.438479
2026-07-31T09:15:00+00:00,8877.647634,-2.641685,8733.294245
2026-07-31T09:20:00+00:00,8881.143282,-2.641685,8729.798597
2026-07-31T09:25:00+00:00,8881.897246,-2.641685,8729.044633
2026-07-31T09:30:00+00:00,8884.913099,-2.641685,8726.028780
2026-07-31T09:35:00+00:00,8881.965788,-2.641685,8728.976091
2026-07-31T09:40:00+00:00,8882.514125,-2.641685,8728.427754
2026-07-31T09:45:00+00:00,8879.155561,-2.641685,8731.786318
2026-07-31T09:50:00+00:00,8880.457861,-2.641685,8730.484018
2026-07-31T09:55:00+00:00,8879.361187,-2.641685,8731.580692
2026-07-31T10:00:00+00:00,8887.586242,-2.641685,8723.355637
2026-07-31T10:05:00+00:00,8881.691619,-2.641685,8729.250260
2026-07-31T10:10:00+00:00,8877.647634,-2.641685,8733.294245
2026-07-31T10:15:00+00:00,8876.345334,-2.641685,8734.596545
2026-07-31T10:20:00+00:00,8870.861964,-2.641685,8740.079915
2026-07-31T10:25:00+00:00,8853.122003,-6.202413,8859.324416
2026-07-31T10:30:00+00:00,8857.218624,-6.202413,8863.421037
2026-07-31T10:35:00+00:00,8857.426926,-6.202413,8863.629339
2026-07-31T10:40:00+00:00,8864.162049,-6.202413,8870.364462
2026-07-31T10:45:00+00:00,8861.037507,-6.202413,8867.239920
2026-07-31T10:50:00+00:00,8870.133394,-6.202413,8876.335807
2026-07-31T10:55:00+00:00,8866.522813,-6.202413,8872.725226
2026-07-31T11:00:00+00:00,8877.701728,-6.202413,8883.904141
2026-07-31T11:05:00+00:00,8869.022446,-6.202413,8875.224859
2026-07-31T11:10:00+00:00,8865.759037,-6.202413,8871.961450
2026-07-31T11:15:00+00:00,8866.106208,-6.202413,8872.308621
2026-07-31T11:20:00+00:00,8873.605107,-6.202413,8879.807520
2026-07-31T11:25:00+00:00,8863.953746,-6.202413,8870.156159
2026-07-31T11:30:00+00:00,8859.301651,-6.202413,8865.504064
2026-07-31T11:35:00+00:00,8858.121269,-6.202413,8864.323682
2026-07-31T11:40:00+00:00,8856.663150,-6.202413,8862.865563
2026-07-31T11:45:00+00:00,8852.774832,-6.202413,8858.977245
2026-07-31T11:50:00+00:00,8857.288058,-6.202413,8863.490471
2026-07-31T11:55:00+00:00,8851.525015,-6.202413,8857.727428
2026-07-31T12:00:00+00:00,8832.478288,-2.650715,8838.664469
2026-07-31T12:05:00+00:00,8831.992929,-2.650715,8839.149828
2026-07-31T12:10:00+00:00,8837.470551,-2.650715,8833.672205
2026-07-31T12:15:00+00:00,8839.689335,-2.650715,8831.453421
2026-07-31T12:20:00+00:00,8836.638507,-2.650715,8834.504249
2026-07-31T12:25:00+00:00,8833.518342,-2.650715,8837.624414
2026-07-31T12:30:00+00:00,8846.276350,-2.650715,8824.866406
2026-07-31T12:35:00+00:00,8846.900383,-2.650715,8824.242373
2026-07-31T12:40:00+00:00,8845.652317,-2.650715,8825.490439
2026-07-31T12:45:00+00:00,8840.729390,-2.650715,8830.413366
2026-07-31T12:50:00+00:00,8833.865027,-2.650715,8837.277729
2026-07-31T12:55:00+00:00,8832.894310,-2.650715,8838.248447
2026-07-31T13:00:00+00:00,8831.784918,-2.650715,8839.357839
2026-07-31T13:05:00+00:00,8834.905082,-2.650715,8836.237674
2026-07-31T13:10:00+00:00,8831.160885,-2.650715,8839.981872
2026-07-31T13:15:00+00:00,8826.307295,-2.650715,8844.835462
2026-07-31T13:20:00+00:00,8826.029947,-2.650715,8845.112810
2026-07-31T13:25:00+00:00,8822.909782,-2.650715,8848.232974
2026-07-31T13:30:00+00:00,8838.371932,-2.650715,8832.770824
2026-07-31T13:35:00+00:00,8850.713918,-2.650715,8820.428838
2026-07-31T13:40:00+00:00,8873.803138,-2.650715,8797.339618
2026-07-31T13:45:00+00:00,8878.032695,-2.650715,8793.110061
2026-07-31T13:50:00+00:00,8896.476337,-2.650715,8774.666420
2026-07-31T13:55:00+00:00,8899.319153,-2.650715,8771.823603
2026-07-31T14:00:00+00:00,8933.571630,-2.650715,8737.571126
2026-07-31T14:05:00+00:00,8983.979628,-2.650715,8687.163128
2026-07-31T14:10:00+00:00,8979.542060,-2.650715,8691.600696
2026-07-31T14:15:00+00:00,8990.566643,-2.650715,8680.576114
2026-07-31T14:20:00+00:00,8992.508079,-2.650715,8678.634678
2026-07-31T14:25:00+00:00,8985.921064,-2.650715,8685.221692
2026-07-31T14:30:00+00:00,8973.024382,-2.650715,8698.118374
2026-07-31T14:35:00+00:00,8979.334049,-2.650715,8691.808707
2026-07-31T14:40:00+00:00,8980.166093,-2.650715,8690.976663
2026-07-31T14:45:00+00:00,8964.703942,-2.650715,8706.438814
2026-07-31T14:50:00+00:00,8993.340123,-2.650715,8677.802634
2026-07-31T14:55:00+00:00,8980.512778,-2.650715,8690.629978
2026-07-31T15:00:00+00:00,8982.384877,-2.650715,8688.757879
2026-07-31T15:05:00+00:00,8987.654489,-2.650715,8683.488268
2026-07-31T15:10:00+00:00,8990.358632,-2.650715,8680.784125
2026-07-31T15:15:00+00:00,8992.092057,-2.650715,8679.050700
2026-07-31T15:20:00+00:00,9004.434042,-2.650715,8666.708714
2026-07-31T15:25:00+00:00,8994.726863,-2.650715,8676.415894
2026-07-31T15:30:00+00:00,8989.665262,-2.650715,8681.477495
2026-07-31T15:35:00+00:00,8974.757807,-2.650715,8696.384949
2026-07-31T15:40:00+00:00,8970.597587,-2.650715,8700.545169
2026-07-31T15:45:00+00:00,8982.731562,-2.650715,8688.411194
2026-07-31T15:50:00+00:00,8971.845653,-2.650715,8699.297103
2026-07-31T15:55:00+00:00,8976.005873,-2.650715,8695.136883
2026-07-31T16:00:00+00:00,8964.911953,-2.650715,8706.230803
2026-07-31T16:05:00+00:00,8955.828807,-2.650715,8715.313950
2026-07-31T16:10:00+00:00,8955.412785,-2.650715,8715.729972
2026-07-31T16:15:00+00:00,8950.697869,-2.650715,8720.444887
2026-07-31T16:20:00+00:00,8948.479085,-2.650715,8722.663671
2026-07-31T16:25:00+00:00,8935.418424,-6.260069,8941.678493
2026-07-31T16:30:00+00:00,8928.097976,-6.260069,8934.358045
2026-07-31T16:35:00+00:00,8924.757577,-6.260069,8931.017646
2026-07-31T16:40:00+00:00,8925.041866,-6.260069,8931.301935
2026-07-31T16:45:00+00:00,8921.346106,-6.260069,8927.606175
2026-07-31T16:50:00+00:00,8925.823662,-6.260069,8932.083731
2026-07-31T16:55:00+00:00,8928.382265,-6.260069,8934.642334
2026-07-31T17:00:00+00:00,8928.666554,-6.260069,8934.926623
2026-07-31T17:05:00+00:00,8922.980769,-6.260069,8929.240838
2026-07-31T17:10:00+00:00,8933.215182,-6.260069,8939.475251
2026-07-31T17:15:00+00:00,8935.987002,-6.260069,8942.247071
2026-07-31T17:20:00+00:00,8940.535630,-6.260069,8946.795699
2026-07-31T17:25:00+00:00,8943.236378,-6.260069,8949.496447
2026-07-31T17:30:00+00:00,8955.034381,-6.260069,8961.294451
2026-07-31T17:35:00+00:00,8954.039369,-6.260069,8960.299438
2026-07-31T17:40:00+00:00,8954.679020,-6.260069,8960.939089
2026-07-31T17:45:00+00:00,8963.563059,-6.260069,8969.823128
2026-07-31T17:50:00+00:00,8981.686498,-6.260069,8987.946567
2026-07-31T17:55:00+00:00,8980.336124,-6.260069,8986.596193
2026-07-31T18:00:00+00:00,8982.041860,-6.260069,8988.301929
2026-07-31T18:05:00+00:00,8976.427147,-6.260069,8982.687216
2026-07-31T18:10:00+00:00,8966.405951,-6.260069,8972.666020
2026-07-31T18:15:00+00:00,8970.030639,-6.260069,8976.290708
2026-07-31T18:20:00+00:00,8969.390988,-6.260069,8975.651057
2026-07-31T18:25:00+00:00,8953.328646,-6.260069,8959.588715
2026-07-31T18:30:00+00:00,8954.465803,-6.260069,8960.725872
2026-07-31T18:35:00+00:00,8930.149855,-2.680028,8936.404445
2026-07-31T18:40:00+00:00,8921.846032,-2.680028,8944.708268
2026-07-31T18:45:00+00:00,8914.961665,-2.680028,8951.592635
2026-07-31T18:50:00+00:00,8908.006326,-2.680028,8958.547974
2026-07-31T18:55:00+00:00,8913.826100,-2.680028,8952.728200
2026-07-31T19:00:00+00:00,8920.710466,-2.680028,8945.843834
2026-07-31T19:05:00+00:00,8918.794199,-2.680028,8947.760101
2026-07-31T19:10:00+00:00,8917.161824,-2.680028,8949.392476
2026-07-31T19:15:00+00:00,8920.852412,-2.680028,8945.701888
2026-07-31T19:20:00+00:00,8922.129923,-2.680028,8944.424377
2026-07-31T19:25:00+00:00,8923.975217,-2.680028,8942.579083
2026-07-31T19:30:00+00:00,8926.104403,-2.680028,8940.449897
2026-07-31T19:35:00+00:00,8931.498339,-2.680028,8935.055961
2026-07-31T19:40:00+00:00,8926.956077,-2.680028,8939.598223
2026-07-31T19:45:00+00:00,8925.465647,-2.680028,8941.088653
2026-07-31T19:50:00+00:00,8924.543000,-2.680028,8942.011300
2026-07-31T19:55:00+00:00,8931.214448,-2.680028,8935.339852
2026-07-31T20:00:00+00:00,8929.085262,-2.680028,8937.469037
2026-07-31T20:05:00+00:00,8930.930557,-2.680028,8935.623743
2026-07-31T20:10:00+00:00,8926.956077,-2.680028,8939.598223
2026-07-31T20:15:00+00:00,8925.820511,-2.680028,8940.733789
2026-07-31T20:20:00+00:00,8930.362774,-2.680028,8936.191526
2026-07-31T20:25:00+00:00,8926.814131,-2.680028,8939.740169
2026-07-31T20:30:00+00:00,8926.814131,-2.680028,8939.740169
2026-07-31T20:35:00+00:00,8933.698498,-2.680028,8932.855802
2026-07-31T20:40:00+00:00,8928.375534,-2.680028,8938.178766
2026-07-31T20:45:00+00:00,8931.001529,-2.680028,8935.552771
2026-07-31T20:50:00+00:00,8933.414606,-2.680028,8933.139694
2026-07-31T20:55:00+00:00,8934.337253,-2.680028,8932.217047
2026-07-31T21:00:00+00:00,8939.660217,-2.680028,8926.894083
2026-07-31T21:05:00+00:00,8931.640285,-2.680028,8934.914015
2026-07-31T21:10:00+00:00,8925.607593,-2.680028,8940.946707
2026-07-31T21:15:00+00:00,8925.607593,-2.680028,8940.946707
2026-07-31T21:20:00+00:00,8921.349222,-2.680028,8945.205078
2026-07-31T21:25:00+00:00,8925.394674,-2.680028,8941.159626
2026-07-31T21:30:00+00:00,8925.536620,-2.680028,8941.017680
2026-07-31T21:35:00+00:00,8923.194516,-2.680028,8943.359784
2026-07-31T21:40:00+00:00,8922.342842,-2.680028,8944.211458
2026-07-31T21:45:00+00:00,8920.142683,-2.680028,8946.411617
2026-07-31T21:50:00+00:00,8927.878724,-2.680028,8938.675576
2026-07-31T21:55:00+00:00,8933.698498,-2.680028,8932.855802
2026-07-31T22:00:00+00:00,8934.053362,-2.680028,8932.500938
2026-07-31T22:05:00+00:00,8923.691326,-2.680028,8942.862974
2026-07-31T22:10:00+00:00,8927.027050,-2.680028,8939.527250
2026-07-31T22:15:00+00:00,8926.672186,-2.680028,8939.882114
2026-07-31T22:20:00+00:00,8926.814131,-2.680028,8939.740169
2026-07-31T22:25:00+00:00,8928.943317,-2.680028,8937.610983
2026-07-31T22:30:00+00:00,8929.653045,-2.680028,8936.901255
2026-07-31T22:35:00+00:00,8934.266281,-2.680028,8932.288019
2026-07-31T22:40:00+00:00,8933.201688,-2.680028,8933.352612
2026-07-31T22:45:00+00:00,8936.395466,-2.680028,8930.158834
2026-07-31T22:50:00+00:00,8936.608385,-2.680028,8929.945915
2026-07-31T22:55:00+00:00,8934.834063,-2.680028,8931.720237
2026-07-31T23:00:00+00:00,8930.433747,-2.680028,8936.120553
2026-07-31T23:05:00+00:00,8928.233588,-2.680028,8938.320712
2026-07-31T23:10:00+00:00,8930.717638,-2.680028,8935.836662
2026-07-31T23:15:00+00:00,8925.749539,-2.680028,8940.804761
2026-07-31T23:20:00+00:00,8929.724018,-2.680028,8936.830282
2026-07-31T23:25:00+00:00,8929.440127,-2.680028,8937.114173
2026-07-31T23:30:00+00:00,8929.298181,-2.680028,8937.256119
2026-07-31T23:35:00+00:00,8929.794991,-2.680028,8936.759309
2026-07-31T23:40:00+00:00,8934.621145,-2.680028,8931.933155
2026-07-31T23:45:00+00:00,8942.641077,-2.680028,8923.913223
2026-07-31T23:50:00+00:00,8945.692909,-2.680028,8920.861391
2026-07-31T23:55:00+00:00,8942.924968,-2.680028,8923.629332
2026-08-01T00:00:00+00:00,8933.272661,-2.680028,8933.281639
2026-08-01T00:05:00+00:00,8933.343633,-2.680028,8933.210666
2026-08-01T00:10:00+00:00,8932.846824,-2.680028,8933.707476
2026-08-01T00:15:00+00:00,8931.640285,-2.680028,8934.914015
2026-08-01T00:20:00+00:00,8931.214448,-2.680028,8935.339852
2026-08-01T00:25:00+00:00,8931.356394,-2.680028,8935.197906
2026-08-01T00:30:00+00:00,8929.936937,-2.680028,8936.617363
2026-08-01T00:35:00+00:00,8916.226404,-6.246623,8922.473028
2026-08-01T00:40:00+00:00,8917.714274,-6.246623,8923.960898
2026-08-01T00:45:00+00:00,8919.131293,-6.246623,8925.377917
2026-08-01T00:50:00+00:00,8913.604919,-6.246623,8919.851542
2026-08-01T00:55:00+00:00,8908.928756,-6.246623,8915.175380
2026-08-01T01:00:00+00:00,8911.691943,-6.246623,8917.938567
2026-08-01T01:05:00+00:00,8912.542155,-6.246623,8918.788778
2026-08-01T01:10:00+00:00,8913.817472,-6.246623,8920.064095
2026-08-01T01:15:00+00:00,8910.841732,-6.246623,8917.088355
2026-08-01T01:20:00+00:00,8909.778968,-6.246623,8916.025591
2026-08-01T01:25:00+00:00,8910.983434,-6.246623,8917.230057
2026-08-01T01:30:00+00:00,8907.228333,-6.246623,8913.474957
2026-08-01T01:35:00+00:00,8911.762794,-6.246623,8918.009418
2026-08-01T01:40:00+00:00,8914.030025,-6.246623,8920.276648
2026-08-01T01:45:00+00:00,8912.896410,-6.246623,8919.143033
2026-08-01T01:50:00+00:00,8914.100876,-6.246623,8920.347499
2026-08-01T01:55:00+00:00,8914.242578,-6.246623,8920.489201
2026-08-01T02:00:00+00:00,8916.864063,-6.246623,8923.110686
2026-08-01T02:05:00+00:00,8915.447044,-6.246623,8921.693667
2026-08-01T02:10:00+00:00,8919.839803,-6.246623,8926.086426
2026-08-01T02:15:00+00:00,8924.870221,-6.246623,8931.116844
2026-08-01T02:20:00+00:00,8925.578730,-6.246623,8931.825353
2026-08-01T02:25:00+00:00,8927.208302,-6.246623,8933.454925
2026-08-01T02:30:00+00:00,8928.625321,-6.246623,8934.871944
2026-08-01T02:35:00+00:00,8928.200215,-6.246623,8934.446839
2026-08-01T02:40:00+00:00,8928.058513,-6.246623,8934.305137
2026-08-01T02:45:00+00:00,8926.499793,-6.246623,8932.746416
2026-08-01T02:50:00+00:00,8927.279153,-6.246623,8933.525776
2026-08-01T02:55:00+00:00,8927.704259,-6.246623,8933.950882
2026-08-01T03:00:00+00:00,8923.665754,-6.246623,8929.912378
2026-08-01T03:05:00+00:00,8923.736605,-6.246623,8929.983229
2026-08-01T03:10:00+00:00,8903.391710,-2.671997,8909.627559
2026-08-01T03:15:00+00:00,8900.207881,-2.671997,8912.811388
2026-08-01T03:20:00+00:00,8893.840223,-2.671997,8919.179046
2026-08-01T03:25:00+00:00,8899.500364,-2.671997,8913.518905
2026-08-01T03:30:00+00:00,8903.391710,-2.671997,8909.627559
2026-08-01T03:35:00+00:00,8903.108703,-2.671997,8909.910566
2026-08-01T03:40:00+00:00,8901.481413,-2.671997,8911.537856
2026-08-01T03:45:00+00:00,8899.854122,-2.671997,8913.165147
2026-08-01T03:50:00+00:00,8901.693668,-2.671997,8911.325601
2026-08-01T03:55:00+00:00,8901.198406,-2.671997,8911.820863
2026-08-01T04:00:00+00:00,8901.269158,-2.671997,8911.750111
2026-08-01T04:05:00+00:00,8901.198406,-2.671997,8911.820863
2026-08-01T04:10:00+00:00,8898.934350,-2.671997,8914.084920
2026-08-01T04:15:00+00:00,8896.316534,-2.671997,8916.702735
2026-08-01T04:20:00+00:00,8894.476989,-2.671997,8918.542280
2026-08-01T04:25:00+00:00,8895.184506,-2.671997,8917.834763
2026-08-01T04:30:00+00:00,8895.538265,-2.671997,8917.481004
2026-08-01T04:35:00+00:00,8894.972251,-2.671997,8918.047018
2026-08-01T04:40:00+00:00,8891.646918,-2.671997,8921.372351
2026-08-01T04:45:00+00:00,8875.855065,-6.218340,8882.073405
2026-08-01T04:45:00+00:00,8869.638502,8869.638502,0.000000
